_uid,input_color_im,trial_num,color_im,gripper_pose,input_binary_im,human_label,completed,found_grasp,gripper_width,dropped_object,seg_camera_intrinsics,depth_im,seg_binary_im,planning_time,input_depth_im,object_key,seg_color_im,input_pose,lifted_object,seg_depth_im,_default
int,str,int,str,str,str,int,bool,int,float,bool,str,str,str,float,str,str,str,str,bool,str,
0,,0,data/experiments/grasping_gym/data/gqcnn_2d_gdrnugnpsg/raw/color_im_0.png,,,0,False,0,0.0,False,,data/experiments/grasping_gym/data/gqcnn_2d_gdrnugnpsg/raw/depth_im_0.npy,,0.0,,bar_clamp,,,False,,
1,data/experiments/grasping_gym/data/gqcnn_2d_gdrnugnpsg/raw/input_color_im_1.png,0,data/experiments/grasping_gym/data/gqcnn_2d_gdrnugnpsg/raw/color_im_1.png,data/experiments/grasping_gym/data/gqcnn_2d_gdrnugnpsg/raw/gripper_pose_1.tf,,1,True,1,0.0088,False,data/experiments/grasping_gym/data/gqcnn_2d_gdrnugnpsg/raw/seg_camera_intrinsics_1.intr,data/experiments/grasping_gym/data/gqcnn_2d_gdrnugnpsg/raw/depth_im_1.npy,data/experiments/grasping_gym/data/gqcnn_2d_gdrnugnpsg/raw/seg_binary_im_1.png,2.3560991287,data/experiments/grasping_gym/data/gqcnn_2d_gdrnugnpsg/raw/input_depth_im_1.npy,bar_clamp,data/experiments/grasping_gym/data/gqcnn_2d_gdrnugnpsg/raw/seg_color_im_1.png,data/experiments/grasping_gym/data/gqcnn_2d_gdrnugnpsg/raw/input_pose_1.npy,False,data/experiments/grasping_gym/data/gqcnn_2d_gdrnugnpsg/raw/seg_depth_im_1.npy,
2,data/experiments/grasping_gym/data/gqcnn_2d_gdrnugnpsg/raw/input_color_im_2.png,1,data/experiments/grasping_gym/data/gqcnn_2d_gdrnugnpsg/raw/color_im_2.png,data/experiments/grasping_gym/data/gqcnn_2d_gdrnugnpsg/raw/gripper_pose_2.tf,,1,True,1,0.0092,False,data/experiments/grasping_gym/data/gqcnn_2d_gdrnugnpsg/raw/seg_camera_intrinsics_2.intr,data/experiments/grasping_gym/data/gqcnn_2d_gdrnugnpsg/raw/depth_im_2.npy,data/experiments/grasping_gym/data/gqcnn_2d_gdrnugnpsg/raw/seg_binary_im_2.png,2.2295119762,data/experiments/grasping_gym/data/gqcnn_2d_gdrnugnpsg/raw/input_depth_im_2.npy,bar_clamp,data/experiments/grasping_gym/data/gqcnn_2d_gdrnugnpsg/raw/seg_color_im_2.png,data/experiments/grasping_gym/data/gqcnn_2d_gdrnugnpsg/raw/input_pose_2.npy,False,data/experiments/grasping_gym/data/gqcnn_2d_gdrnugnpsg/raw/seg_depth_im_2.npy,
3,data/experiments/grasping_gym/data/gqcnn_2d_gdrnugnpsg/raw/input_color_im_3.png,2,data/experiments/grasping_gym/data/gqcnn_2d_gdrnugnpsg/raw/color_im_3.png,data/experiments/grasping_gym/data/gqcnn_2d_gdrnugnpsg/raw/gripper_pose_3.tf,,1,True,1,0.0076,False,data/experiments/grasping_gym/data/gqcnn_2d_gdrnugnpsg/raw/seg_camera_intrinsics_3.intr,data/experiments/grasping_gym/data/gqcnn_2d_gdrnugnpsg/raw/depth_im_3.npy,data/experiments/grasping_gym/data/gqcnn_2d_gdrnugnpsg/raw/seg_binary_im_3.png,2.2663798332,data/experiments/grasping_gym/data/gqcnn_2d_gdrnugnpsg/raw/input_depth_im_3.npy,bar_clamp,data/experiments/grasping_gym/data/gqcnn_2d_gdrnugnpsg/raw/seg_color_im_3.png,data/experiments/grasping_gym/data/gqcnn_2d_gdrnugnpsg/raw/input_pose_3.npy,False,data/experiments/grasping_gym/data/gqcnn_2d_gdrnugnpsg/raw/seg_depth_im_3.npy,
4,data/experiments/grasping_gym/data/gqcnn_2d_gdrnugnpsg/raw/input_color_im_4.png,3,data/experiments/grasping_gym/data/gqcnn_2d_gdrnugnpsg/raw/color_im_4.png,data/experiments/grasping_gym/data/gqcnn_2d_gdrnugnpsg/raw/gripper_pose_4.tf,,1,True,1,0.0077,False,data/experiments/grasping_gym/data/gqcnn_2d_gdrnugnpsg/raw/seg_camera_intrinsics_4.intr,data/experiments/grasping_gym/data/gqcnn_2d_gdrnugnpsg/raw/depth_im_4.npy,data/experiments/grasping_gym/data/gqcnn_2d_gdrnugnpsg/raw/seg_binary_im_4.png,2.1626000404,data/experiments/grasping_gym/data/gqcnn_2d_gdrnugnpsg/raw/input_depth_im_4.npy,bar_clamp,data/experiments/grasping_gym/data/gqcnn_2d_gdrnugnpsg/raw/seg_color_im_4.png,data/experiments/grasping_gym/data/gqcnn_2d_gdrnugnpsg/raw/input_pose_4.npy,False,data/experiments/grasping_gym/data/gqcnn_2d_gdrnugnpsg/raw/seg_depth_im_4.npy,
5,data/experiments/grasping_gym/data/gqcnn_2d_gdrnugnpsg/raw/input_color_im_5.png,4,data/experiments/grasping_gym/data/gqcnn_2d_gdrnugnpsg/raw/color_im_5.png,data/experiments/grasping_gym/data/gqcnn_2d_gdrnugnpsg/raw/gripper_pose_5.tf,,1,True,1,0.005,False,data/experiments/grasping_gym/data/gqcnn_2d_gdrnugnpsg/raw/seg_camera_intrinsics_5.intr,data/experiments/grasping_gym/data/gqcnn_2d_gdrnugnpsg/raw/depth_im_5.npy,data/experiments/grasping_gym/data/gqcnn_2d_gdrnugnpsg/raw/seg_binary_im_5.png,2.424352169,data/experiments/grasping_gym/data/gqcnn_2d_gdrnugnpsg/raw/input_depth_im_5.npy,bar_clamp,data/experiments/grasping_gym/data/gqcnn_2d_gdrnugnpsg/raw/seg_color_im_5.png,data/experiments/grasping_gym/data/gqcnn_2d_gdrnugnpsg/raw/input_pose_5.npy,False,data/experiments/grasping_gym/data/gqcnn_2d_gdrnugnpsg/raw/seg_depth_im_5.npy,
6,data/experiments/grasping_gym/data/gqcnn_2d_gdrnugnpsg/raw/input_color_im_6.png,5,data/experiments/grasping_gym/data/gqcnn_2d_gdrnugnpsg/raw/color_im_6.png,data/experiments/grasping_gym/data/gqcnn_2d_gdrnugnpsg/raw/gripper_pose_6.tf,,1,True,1,0.0088,False,data/experiments/grasping_gym/data/gqcnn_2d_gdrnugnpsg/raw/seg_camera_intrinsics_6.intr,data/experiments/grasping_gym/data/gqcnn_2d_gdrnugnpsg/raw/depth_im_6.npy,data/experiments/grasping_gym/data/gqcnn_2d_gdrnugnpsg/raw/seg_binary_im_6.png,2.3545269966,data/experiments/grasping_gym/data/gqcnn_2d_gdrnugnpsg/raw/input_depth_im_6.npy,bar_clamp,data/experiments/grasping_gym/data/gqcnn_2d_gdrnugnpsg/raw/seg_color_im_6.png,data/experiments/grasping_gym/data/gqcnn_2d_gdrnugnpsg/raw/input_pose_6.npy,False,data/experiments/grasping_gym/data/gqcnn_2d_gdrnugnpsg/raw/seg_depth_im_6.npy,
7,data/experiments/grasping_gym/data/gqcnn_2d_gdrnugnpsg/raw/input_color_im_7.png,6,data/experiments/grasping_gym/data/gqcnn_2d_gdrnugnpsg/raw/color_im_7.png,data/experiments/grasping_gym/data/gqcnn_2d_gdrnugnpsg/raw/gripper_pose_7.tf,,1,True,1,0.0074,False,data/experiments/grasping_gym/data/gqcnn_2d_gdrnugnpsg/raw/seg_camera_intrinsics_7.intr,data/experiments/grasping_gym/data/gqcnn_2d_gdrnugnpsg/raw/depth_im_7.npy,data/experiments/grasping_gym/data/gqcnn_2d_gdrnugnpsg/raw/seg_binary_im_7.png,2.1273448467,data/experiments/grasping_gym/data/gqcnn_2d_gdrnugnpsg/raw/input_depth_im_7.npy,bar_clamp,data/experiments/grasping_gym/data/gqcnn_2d_gdrnugnpsg/raw/seg_color_im_7.png,data/experiments/grasping_gym/data/gqcnn_2d_gdrnugnpsg/raw/input_pose_7.npy,False,data/experiments/grasping_gym/data/gqcnn_2d_gdrnugnpsg/raw/seg_depth_im_7.npy,
8,data/experiments/grasping_gym/data/gqcnn_2d_gdrnugnpsg/raw/input_color_im_8.png,7,data/experiments/grasping_gym/data/gqcnn_2d_gdrnugnpsg/raw/color_im_8.png,data/experiments/grasping_gym/data/gqcnn_2d_gdrnugnpsg/raw/gripper_pose_8.tf,,1,True,1,0.0091,False,data/experiments/grasping_gym/data/gqcnn_2d_gdrnugnpsg/raw/seg_camera_intrinsics_8.intr,data/experiments/grasping_gym/data/gqcnn_2d_gdrnugnpsg/raw/depth_im_8.npy,data/experiments/grasping_gym/data/gqcnn_2d_gdrnugnpsg/raw/seg_binary_im_8.png,2.2308430672,data/experiments/grasping_gym/data/gqcnn_2d_gdrnugnpsg/raw/input_depth_im_8.npy,bar_clamp,data/experiments/grasping_gym/data/gqcnn_2d_gdrnugnpsg/raw/seg_color_im_8.png,data/experiments/grasping_gym/data/gqcnn_2d_gdrnugnpsg/raw/input_pose_8.npy,False,data/experiments/grasping_gym/data/gqcnn_2d_gdrnugnpsg/raw/seg_depth_im_8.npy,
9,data/experiments/grasping_gym/data/gqcnn_2d_gdrnugnpsg/raw/input_color_im_9.png,8,data/experiments/grasping_gym/data/gqcnn_2d_gdrnugnpsg/raw/color_im_9.png,data/experiments/grasping_gym/data/gqcnn_2d_gdrnugnpsg/raw/gripper_pose_9.tf,,1,True,1,0.0073,False,data/experiments/grasping_gym/data/gqcnn_2d_gdrnugnpsg/raw/seg_camera_intrinsics_9.intr,data/experiments/grasping_gym/data/gqcnn_2d_gdrnugnpsg/raw/depth_im_9.npy,data/experiments/grasping_gym/data/gqcnn_2d_gdrnugnpsg/raw/seg_binary_im_9.png,2.1354570389,data/experiments/grasping_gym/data/gqcnn_2d_gdrnugnpsg/raw/input_depth_im_9.npy,bar_clamp,data/experiments/grasping_gym/data/gqcnn_2d_gdrnugnpsg/raw/seg_color_im_9.png,data/experiments/grasping_gym/data/gqcnn_2d_gdrnugnpsg/raw/input_pose_9.npy,False,data/experiments/grasping_gym/data/gqcnn_2d_gdrnugnpsg/raw/seg_depth_im_9.npy,
10,data/experiments/grasping_gym/data/gqcnn_2d_gdrnugnpsg/raw/input_color_im_10.png,9,data/experiments/grasping_gym/data/gqcnn_2d_gdrnugnpsg/raw/color_im_10.png,data/experiments/grasping_gym/data/gqcnn_2d_gdrnugnpsg/raw/gripper_pose_10.tf,,1,True,1,0.0038,False,data/experiments/grasping_gym/data/gqcnn_2d_gdrnugnpsg/raw/seg_camera_intrinsics_10.intr,data/experiments/grasping_gym/data/gqcnn_2d_gdrnugnpsg/raw/depth_im_10.npy,data/experiments/grasping_gym/data/gqcnn_2d_gdrnugnpsg/raw/seg_binary_im_10.png,2.4279510975,data/experiments/grasping_gym/data/gqcnn_2d_gdrnugnpsg/raw/input_depth_im_10.npy,bar_clamp,data/experiments/grasping_gym/data/gqcnn_2d_gdrnugnpsg/raw/seg_color_im_10.png,data/experiments/grasping_gym/data/gqcnn_2d_gdrnugnpsg/raw/input_pose_10.npy,False,data/experiments/grasping_gym/data/gqcnn_2d_gdrnugnpsg/raw/seg_depth_im_10.npy,
11,data/experiments/grasping_gym/data/gqcnn_2d_gdrnugnpsg/raw/input_color_im_11.png,0,data/experiments/grasping_gym/data/gqcnn_2d_gdrnugnpsg/raw/color_im_11.png,data/experiments/grasping_gym/data/gqcnn_2d_gdrnugnpsg/raw/gripper_pose_11.tf,,1,True,1,0.0097,False,data/experiments/grasping_gym/data/gqcnn_2d_gdrnugnpsg/raw/seg_camera_intrinsics_11.intr,data/experiments/grasping_gym/data/gqcnn_2d_gdrnugnpsg/raw/depth_im_11.npy,data/experiments/grasping_gym/data/gqcnn_2d_gdrnugnpsg/raw/seg_binary_im_11.png,1.8884658813,data/experiments/grasping_gym/data/gqcnn_2d_gdrnugnpsg/raw/input_depth_im_11.npy,gearbox,data/experiments/grasping_gym/data/gqcnn_2d_gdrnugnpsg/raw/seg_color_im_11.png,data/experiments/grasping_gym/data/gqcnn_2d_gdrnugnpsg/raw/input_pose_11.npy,False,data/experiments/grasping_gym/data/gqcnn_2d_gdrnugnpsg/raw/seg_depth_im_11.npy,
12,data/experiments/grasping_gym/data/gqcnn_2d_gdrnugnpsg/raw/input_color_im_12.png,1,data/experiments/grasping_gym/data/gqcnn_2d_gdrnugnpsg/raw/color_im_12.png,data/experiments/grasping_gym/data/gqcnn_2d_gdrnugnpsg/raw/gripper_pose_12.tf,,1,True,1,0.0085,False,data/experiments/grasping_gym/data/gqcnn_2d_gdrnugnpsg/raw/seg_camera_intrinsics_12.intr,data/experiments/grasping_gym/data/gqcnn_2d_gdrnugnpsg/raw/depth_im_12.npy,data/experiments/grasping_gym/data/gqcnn_2d_gdrnugnpsg/raw/seg_binary_im_12.png,1.6270129681,data/experiments/grasping_gym/data/gqcnn_2d_gdrnugnpsg/raw/input_depth_im_12.npy,gearbox,data/experiments/grasping_gym/data/gqcnn_2d_gdrnugnpsg/raw/seg_color_im_12.png,data/experiments/grasping_gym/data/gqcnn_2d_gdrnugnpsg/raw/input_pose_12.npy,False,data/experiments/grasping_gym/data/gqcnn_2d_gdrnugnpsg/raw/seg_depth_im_12.npy,
13,data/experiments/grasping_gym/data/gqcnn_2d_gdrnugnpsg/raw/input_color_im_13.png,2,data/experiments/grasping_gym/data/gqcnn_2d_gdrnugnpsg/raw/color_im_13.png,data/experiments/grasping_gym/data/gqcnn_2d_gdrnugnpsg/raw/gripper_pose_13.tf,,1,True,1,0.0092,False,data/experiments/grasping_gym/data/gqcnn_2d_gdrnugnpsg/raw/seg_camera_intrinsics_13.intr,data/experiments/grasping_gym/data/gqcnn_2d_gdrnugnpsg/raw/depth_im_13.npy,data/experiments/grasping_gym/data/gqcnn_2d_gdrnugnpsg/raw/seg_binary_im_13.png,1.8326759338,data/experiments/grasping_gym/data/gqcnn_2d_gdrnugnpsg/raw/input_depth_im_13.npy,gearbox,data/experiments/grasping_gym/data/gqcnn_2d_gdrnugnpsg/raw/seg_color_im_13.png,data/experiments/grasping_gym/data/gqcnn_2d_gdrnugnpsg/raw/input_pose_13.npy,False,data/experiments/grasping_gym/data/gqcnn_2d_gdrnugnpsg/raw/seg_depth_im_13.npy,
14,data/experiments/grasping_gym/data/gqcnn_2d_gdrnugnpsg/raw/input_color_im_14.png,3,data/experiments/grasping_gym/data/gqcnn_2d_gdrnugnpsg/raw/color_im_14.png,data/experiments/grasping_gym/data/gqcnn_2d_gdrnugnpsg/raw/gripper_pose_14.tf,,1,True,1,0.0153,False,data/experiments/grasping_gym/data/gqcnn_2d_gdrnugnpsg/raw/seg_camera_intrinsics_14.intr,data/experiments/grasping_gym/data/gqcnn_2d_gdrnugnpsg/raw/depth_im_14.npy,data/experiments/grasping_gym/data/gqcnn_2d_gdrnugnpsg/raw/seg_binary_im_14.png,1.8614361286,data/experiments/grasping_gym/data/gqcnn_2d_gdrnugnpsg/raw/input_depth_im_14.npy,gearbox,data/experiments/grasping_gym/data/gqcnn_2d_gdrnugnpsg/raw/seg_color_im_14.png,data/experiments/grasping_gym/data/gqcnn_2d_gdrnugnpsg/raw/input_pose_14.npy,False,data/experiments/grasping_gym/data/gqcnn_2d_gdrnugnpsg/raw/seg_depth_im_14.npy,
15,data/experiments/grasping_gym/data/gqcnn_2d_gdrnugnpsg/raw/input_color_im_15.png,4,data/experiments/grasping_gym/data/gqcnn_2d_gdrnugnpsg/raw/color_im_15.png,data/experiments/grasping_gym/data/gqcnn_2d_gdrnugnpsg/raw/gripper_pose_15.tf,,1,True,1,0.0146,False,data/experiments/grasping_gym/data/gqcnn_2d_gdrnugnpsg/raw/seg_camera_intrinsics_15.intr,data/experiments/grasping_gym/data/gqcnn_2d_gdrnugnpsg/raw/depth_im_15.npy,data/experiments/grasping_gym/data/gqcnn_2d_gdrnugnpsg/raw/seg_binary_im_15.png,1.6262938976,data/experiments/grasping_gym/data/gqcnn_2d_gdrnugnpsg/raw/input_depth_im_15.npy,gearbox,data/experiments/grasping_gym/data/gqcnn_2d_gdrnugnpsg/raw/seg_color_im_15.png,data/experiments/grasping_gym/data/gqcnn_2d_gdrnugnpsg/raw/input_pose_15.npy,False,data/experiments/grasping_gym/data/gqcnn_2d_gdrnugnpsg/raw/seg_depth_im_15.npy,
16,data/experiments/grasping_gym/data/gqcnn_2d_gdrnugnpsg/raw/input_color_im_16.png,5,data/experiments/grasping_gym/data/gqcnn_2d_gdrnugnpsg/raw/color_im_16.png,data/experiments/grasping_gym/data/gqcnn_2d_gdrnugnpsg/raw/gripper_pose_16.tf,,1,True,1,0.0093,False,data/experiments/grasping_gym/data/gqcnn_2d_gdrnugnpsg/raw/seg_camera_intrinsics_16.intr,data/experiments/grasping_gym/data/gqcnn_2d_gdrnugnpsg/raw/depth_im_16.npy,data/experiments/grasping_gym/data/gqcnn_2d_gdrnugnpsg/raw/seg_binary_im_16.png,1.8955631256,data/experiments/grasping_gym/data/gqcnn_2d_gdrnugnpsg/raw/input_depth_im_16.npy,gearbox,data/experiments/grasping_gym/data/gqcnn_2d_gdrnugnpsg/raw/seg_color_im_16.png,data/experiments/grasping_gym/data/gqcnn_2d_gdrnugnpsg/raw/input_pose_16.npy,False,data/experiments/grasping_gym/data/gqcnn_2d_gdrnugnpsg/raw/seg_depth_im_16.npy,
17,data/experiments/grasping_gym/data/gqcnn_2d_gdrnugnpsg/raw/input_color_im_17.png,6,data/experiments/grasping_gym/data/gqcnn_2d_gdrnugnpsg/raw/color_im_17.png,data/experiments/grasping_gym/data/gqcnn_2d_gdrnugnpsg/raw/gripper_pose_17.tf,,1,True,1,0.0082,False,data/experiments/grasping_gym/data/gqcnn_2d_gdrnugnpsg/raw/seg_camera_intrinsics_17.intr,data/experiments/grasping_gym/data/gqcnn_2d_gdrnugnpsg/raw/depth_im_17.npy,data/experiments/grasping_gym/data/gqcnn_2d_gdrnugnpsg/raw/seg_binary_im_17.png,1.6986019611,data/experiments/grasping_gym/data/gqcnn_2d_gdrnugnpsg/raw/input_depth_im_17.npy,gearbox,data/experiments/grasping_gym/data/gqcnn_2d_gdrnugnpsg/raw/seg_color_im_17.png,data/experiments/grasping_gym/data/gqcnn_2d_gdrnugnpsg/raw/input_pose_17.npy,False,data/experiments/grasping_gym/data/gqcnn_2d_gdrnugnpsg/raw/seg_depth_im_17.npy,
18,data/experiments/grasping_gym/data/gqcnn_2d_gdrnugnpsg/raw/input_color_im_18.png,7,data/experiments/grasping_gym/data/gqcnn_2d_gdrnugnpsg/raw/color_im_18.png,data/experiments/grasping_gym/data/gqcnn_2d_gdrnugnpsg/raw/gripper_pose_18.tf,,1,True,1,0.0004,False,data/experiments/grasping_gym/data/gqcnn_2d_gdrnugnpsg/raw/seg_camera_intrinsics_18.intr,data/experiments/grasping_gym/data/gqcnn_2d_gdrnugnpsg/raw/depth_im_18.npy,data/experiments/grasping_gym/data/gqcnn_2d_gdrnugnpsg/raw/seg_binary_im_18.png,2.4509909153,data/experiments/grasping_gym/data/gqcnn_2d_gdrnugnpsg/raw/input_depth_im_18.npy,gearbox,data/experiments/grasping_gym/data/gqcnn_2d_gdrnugnpsg/raw/seg_color_im_18.png,data/experiments/grasping_gym/data/gqcnn_2d_gdrnugnpsg/raw/input_pose_18.npy,False,data/experiments/grasping_gym/data/gqcnn_2d_gdrnugnpsg/raw/seg_depth_im_18.npy,
19,data/experiments/grasping_gym/data/gqcnn_2d_gdrnugnpsg/raw/input_color_im_19.png,8,data/experiments/grasping_gym/data/gqcnn_2d_gdrnugnpsg/raw/color_im_19.png,data/experiments/grasping_gym/data/gqcnn_2d_gdrnugnpsg/raw/gripper_pose_19.tf,,1,True,1,0.0004,False,data/experiments/grasping_gym/data/gqcnn_2d_gdrnugnpsg/raw/seg_camera_intrinsics_19.intr,data/experiments/grasping_gym/data/gqcnn_2d_gdrnugnpsg/raw/depth_im_19.npy,data/experiments/grasping_gym/data/gqcnn_2d_gdrnugnpsg/raw/seg_binary_im_19.png,2.1865479946,data/experiments/grasping_gym/data/gqcnn_2d_gdrnugnpsg/raw/input_depth_im_19.npy,gearbox,data/experiments/grasping_gym/data/gqcnn_2d_gdrnugnpsg/raw/seg_color_im_19.png,data/experiments/grasping_gym/data/gqcnn_2d_gdrnugnpsg/raw/input_pose_19.npy,False,data/experiments/grasping_gym/data/gqcnn_2d_gdrnugnpsg/raw/seg_depth_im_19.npy,
20,data/experiments/grasping_gym/data/gqcnn_2d_gdrnugnpsg/raw/input_color_im_20.png,9,data/experiments/grasping_gym/data/gqcnn_2d_gdrnugnpsg/raw/color_im_20.png,data/experiments/grasping_gym/data/gqcnn_2d_gdrnugnpsg/raw/gripper_pose_20.tf,,1,True,1,0.0091,False,data/experiments/grasping_gym/data/gqcnn_2d_gdrnugnpsg/raw/seg_camera_intrinsics_20.intr,data/experiments/grasping_gym/data/gqcnn_2d_gdrnugnpsg/raw/depth_im_20.npy,data/experiments/grasping_gym/data/gqcnn_2d_gdrnugnpsg/raw/seg_binary_im_20.png,1.9264779091,data/experiments/grasping_gym/data/gqcnn_2d_gdrnugnpsg/raw/input_depth_im_20.npy,gearbox,data/experiments/grasping_gym/data/gqcnn_2d_gdrnugnpsg/raw/seg_color_im_20.png,data/experiments/grasping_gym/data/gqcnn_2d_gdrnugnpsg/raw/input_pose_20.npy,False,data/experiments/grasping_gym/data/gqcnn_2d_gdrnugnpsg/raw/seg_depth_im_20.npy,
21,data/experiments/grasping_gym/data/gqcnn_2d_gdrnugnpsg/raw/input_color_im_21.png,0,data/experiments/grasping_gym/data/gqcnn_2d_gdrnugnpsg/raw/color_im_21.png,data/experiments/grasping_gym/data/gqcnn_2d_gdrnugnpsg/raw/gripper_pose_21.tf,,1,True,1,0.005,False,data/experiments/grasping_gym/data/gqcnn_2d_gdrnugnpsg/raw/seg_camera_intrinsics_21.intr,data/experiments/grasping_gym/data/gqcnn_2d_gdrnugnpsg/raw/depth_im_21.npy,data/experiments/grasping_gym/data/gqcnn_2d_gdrnugnpsg/raw/seg_binary_im_21.png,1.7935311794,data/experiments/grasping_gym/data/gqcnn_2d_gdrnugnpsg/raw/input_depth_im_21.npy,nozzle,data/experiments/grasping_gym/data/gqcnn_2d_gdrnugnpsg/raw/seg_color_im_21.png,data/experiments/grasping_gym/data/gqcnn_2d_gdrnugnpsg/raw/input_pose_21.npy,False,data/experiments/grasping_gym/data/gqcnn_2d_gdrnugnpsg/raw/seg_depth_im_21.npy,
22,data/experiments/grasping_gym/data/gqcnn_2d_gdrnugnpsg/raw/input_color_im_22.png,1,data/experiments/grasping_gym/data/gqcnn_2d_gdrnugnpsg/raw/color_im_22.png,data/experiments/grasping_gym/data/gqcnn_2d_gdrnugnpsg/raw/gripper_pose_22.tf,,1,True,1,0.0048,False,data/experiments/grasping_gym/data/gqcnn_2d_gdrnugnpsg/raw/seg_camera_intrinsics_22.intr,data/experiments/grasping_gym/data/gqcnn_2d_gdrnugnpsg/raw/depth_im_22.npy,data/experiments/grasping_gym/data/gqcnn_2d_gdrnugnpsg/raw/seg_binary_im_22.png,1.4777030945,data/experiments/grasping_gym/data/gqcnn_2d_gdrnugnpsg/raw/input_depth_im_22.npy,nozzle,data/experiments/grasping_gym/data/gqcnn_2d_gdrnugnpsg/raw/seg_color_im_22.png,data/experiments/grasping_gym/data/gqcnn_2d_gdrnugnpsg/raw/input_pose_22.npy,False,data/experiments/grasping_gym/data/gqcnn_2d_gdrnugnpsg/raw/seg_depth_im_22.npy,
23,data/experiments/grasping_gym/data/gqcnn_2d_gdrnugnpsg/raw/input_color_im_23.png,2,data/experiments/grasping_gym/data/gqcnn_2d_gdrnugnpsg/raw/color_im_23.png,data/experiments/grasping_gym/data/gqcnn_2d_gdrnugnpsg/raw/gripper_pose_23.tf,,1,True,1,0.005,False,data/experiments/grasping_gym/data/gqcnn_2d_gdrnugnpsg/raw/seg_camera_intrinsics_23.intr,data/experiments/grasping_gym/data/gqcnn_2d_gdrnugnpsg/raw/depth_im_23.npy,data/experiments/grasping_gym/data/gqcnn_2d_gdrnugnpsg/raw/seg_binary_im_23.png,1.597607851,data/experiments/grasping_gym/data/gqcnn_2d_gdrnugnpsg/raw/input_depth_im_23.npy,nozzle,data/experiments/grasping_gym/data/gqcnn_2d_gdrnugnpsg/raw/seg_color_im_23.png,data/experiments/grasping_gym/data/gqcnn_2d_gdrnugnpsg/raw/input_pose_23.npy,False,data/experiments/grasping_gym/data/gqcnn_2d_gdrnugnpsg/raw/seg_depth_im_23.npy,
24,data/experiments/grasping_gym/data/gqcnn_2d_gdrnugnpsg/raw/input_color_im_24.png,3,data/experiments/grasping_gym/data/gqcnn_2d_gdrnugnpsg/raw/color_im_24.png,data/experiments/grasping_gym/data/gqcnn_2d_gdrnugnpsg/raw/gripper_pose_24.tf,,1,True,1,0.0035,False,data/experiments/grasping_gym/data/gqcnn_2d_gdrnugnpsg/raw/seg_camera_intrinsics_24.intr,data/experiments/grasping_gym/data/gqcnn_2d_gdrnugnpsg/raw/depth_im_24.npy,data/experiments/grasping_gym/data/gqcnn_2d_gdrnugnpsg/raw/seg_binary_im_24.png,1.6187210083,data/experiments/grasping_gym/data/gqcnn_2d_gdrnugnpsg/raw/input_depth_im_24.npy,nozzle,data/experiments/grasping_gym/data/gqcnn_2d_gdrnugnpsg/raw/seg_color_im_24.png,data/experiments/grasping_gym/data/gqcnn_2d_gdrnugnpsg/raw/input_pose_24.npy,False,data/experiments/grasping_gym/data/gqcnn_2d_gdrnugnpsg/raw/seg_depth_im_24.npy,
25,,4,data/experiments/grasping_gym/data/gqcnn_2d_gdrnugnpsg/raw/color_im_25.png,,,0,True,0,0.0,False,data/experiments/grasping_gym/data/gqcnn_2d_gdrnugnpsg/raw/seg_camera_intrinsics_25.intr,data/experiments/grasping_gym/data/gqcnn_2d_gdrnugnpsg/raw/depth_im_25.npy,data/experiments/grasping_gym/data/gqcnn_2d_gdrnugnpsg/raw/seg_binary_im_25.png,0.0,,nozzle,data/experiments/grasping_gym/data/gqcnn_2d_gdrnugnpsg/raw/seg_color_im_25.png,,False,data/experiments/grasping_gym/data/gqcnn_2d_gdrnugnpsg/raw/seg_depth_im_25.npy,
26,data/experiments/grasping_gym/data/gqcnn_2d_gdrnugnpsg/raw/input_color_im_26.png,5,data/experiments/grasping_gym/data/gqcnn_2d_gdrnugnpsg/raw/color_im_26.png,data/experiments/grasping_gym/data/gqcnn_2d_gdrnugnpsg/raw/gripper_pose_26.tf,,0,True,1,0.0001,False,data/experiments/grasping_gym/data/gqcnn_2d_gdrnugnpsg/raw/seg_camera_intrinsics_26.intr,data/experiments/grasping_gym/data/gqcnn_2d_gdrnugnpsg/raw/depth_im_26.npy,data/experiments/grasping_gym/data/gqcnn_2d_gdrnugnpsg/raw/seg_binary_im_26.png,1.7008960247,data/experiments/grasping_gym/data/gqcnn_2d_gdrnugnpsg/raw/input_depth_im_26.npy,nozzle,data/experiments/grasping_gym/data/gqcnn_2d_gdrnugnpsg/raw/seg_color_im_26.png,data/experiments/grasping_gym/data/gqcnn_2d_gdrnugnpsg/raw/input_pose_26.npy,False,data/experiments/grasping_gym/data/gqcnn_2d_gdrnugnpsg/raw/seg_depth_im_26.npy,
27,data/experiments/grasping_gym/data/gqcnn_2d_gdrnugnpsg/raw/input_color_im_27.png,6,data/experiments/grasping_gym/data/gqcnn_2d_gdrnugnpsg/raw/color_im_27.png,data/experiments/grasping_gym/data/gqcnn_2d_gdrnugnpsg/raw/gripper_pose_27.tf,,1,True,1,0.0049,False,data/experiments/grasping_gym/data/gqcnn_2d_gdrnugnpsg/raw/seg_camera_intrinsics_27.intr,data/experiments/grasping_gym/data/gqcnn_2d_gdrnugnpsg/raw/depth_im_27.npy,data/experiments/grasping_gym/data/gqcnn_2d_gdrnugnpsg/raw/seg_binary_im_27.png,1.5606181622,data/experiments/grasping_gym/data/gqcnn_2d_gdrnugnpsg/raw/input_depth_im_27.npy,nozzle,data/experiments/grasping_gym/data/gqcnn_2d_gdrnugnpsg/raw/seg_color_im_27.png,data/experiments/grasping_gym/data/gqcnn_2d_gdrnugnpsg/raw/input_pose_27.npy,False,data/experiments/grasping_gym/data/gqcnn_2d_gdrnugnpsg/raw/seg_depth_im_27.npy,
28,data/experiments/grasping_gym/data/gqcnn_2d_gdrnugnpsg/raw/input_color_im_28.png,7,data/experiments/grasping_gym/data/gqcnn_2d_gdrnugnpsg/raw/color_im_28.png,data/experiments/grasping_gym/data/gqcnn_2d_gdrnugnpsg/raw/gripper_pose_28.tf,,1,True,1,0.0098,False,data/experiments/grasping_gym/data/gqcnn_2d_gdrnugnpsg/raw/seg_camera_intrinsics_28.intr,data/experiments/grasping_gym/data/gqcnn_2d_gdrnugnpsg/raw/depth_im_28.npy,data/experiments/grasping_gym/data/gqcnn_2d_gdrnugnpsg/raw/seg_binary_im_28.png,1.8183760643,data/experiments/grasping_gym/data/gqcnn_2d_gdrnugnpsg/raw/input_depth_im_28.npy,nozzle,data/experiments/grasping_gym/data/gqcnn_2d_gdrnugnpsg/raw/seg_color_im_28.png,data/experiments/grasping_gym/data/gqcnn_2d_gdrnugnpsg/raw/input_pose_28.npy,False,data/experiments/grasping_gym/data/gqcnn_2d_gdrnugnpsg/raw/seg_depth_im_28.npy,
29,data/experiments/grasping_gym/data/gqcnn_2d_gdrnugnpsg/raw/input_color_im_29.png,8,data/experiments/grasping_gym/data/gqcnn_2d_gdrnugnpsg/raw/color_im_29.png,data/experiments/grasping_gym/data/gqcnn_2d_gdrnugnpsg/raw/gripper_pose_29.tf,,1,True,1,0.0049,False,data/experiments/grasping_gym/data/gqcnn_2d_gdrnugnpsg/raw/seg_camera_intrinsics_29.intr,data/experiments/grasping_gym/data/gqcnn_2d_gdrnugnpsg/raw/depth_im_29.npy,data/experiments/grasping_gym/data/gqcnn_2d_gdrnugnpsg/raw/seg_binary_im_29.png,1.7156429291,data/experiments/grasping_gym/data/gqcnn_2d_gdrnugnpsg/raw/input_depth_im_29.npy,nozzle,data/experiments/grasping_gym/data/gqcnn_2d_gdrnugnpsg/raw/seg_color_im_29.png,data/experiments/grasping_gym/data/gqcnn_2d_gdrnugnpsg/raw/input_pose_29.npy,False,data/experiments/grasping_gym/data/gqcnn_2d_gdrnugnpsg/raw/seg_depth_im_29.npy,
30,data/experiments/grasping_gym/data/gqcnn_2d_gdrnugnpsg/raw/input_color_im_30.png,9,data/experiments/grasping_gym/data/gqcnn_2d_gdrnugnpsg/raw/color_im_30.png,data/experiments/grasping_gym/data/gqcnn_2d_gdrnugnpsg/raw/gripper_pose_30.tf,,1,True,1,0.0049,False,data/experiments/grasping_gym/data/gqcnn_2d_gdrnugnpsg/raw/seg_camera_intrinsics_30.intr,data/experiments/grasping_gym/data/gqcnn_2d_gdrnugnpsg/raw/depth_im_30.npy,data/experiments/grasping_gym/data/gqcnn_2d_gdrnugnpsg/raw/seg_binary_im_30.png,1.5318109989,data/experiments/grasping_gym/data/gqcnn_2d_gdrnugnpsg/raw/input_depth_im_30.npy,nozzle,data/experiments/grasping_gym/data/gqcnn_2d_gdrnugnpsg/raw/seg_color_im_30.png,data/experiments/grasping_gym/data/gqcnn_2d_gdrnugnpsg/raw/input_pose_30.npy,False,data/experiments/grasping_gym/data/gqcnn_2d_gdrnugnpsg/raw/seg_depth_im_30.npy,
31,data/experiments/grasping_gym/data/gqcnn_2d_gdrnugnpsg/raw/input_color_im_31.png,0,data/experiments/grasping_gym/data/gqcnn_2d_gdrnugnpsg/raw/color_im_31.png,data/experiments/grasping_gym/data/gqcnn_2d_gdrnugnpsg/raw/gripper_pose_31.tf,,1,True,1,0.0057,False,data/experiments/grasping_gym/data/gqcnn_2d_gdrnugnpsg/raw/seg_camera_intrinsics_31.intr,data/experiments/grasping_gym/data/gqcnn_2d_gdrnugnpsg/raw/depth_im_31.npy,data/experiments/grasping_gym/data/gqcnn_2d_gdrnugnpsg/raw/seg_binary_im_31.png,1.5265600681,data/experiments/grasping_gym/data/gqcnn_2d_gdrnugnpsg/raw/input_depth_im_31.npy,part1,data/experiments/grasping_gym/data/gqcnn_2d_gdrnugnpsg/raw/seg_color_im_31.png,data/experiments/grasping_gym/data/gqcnn_2d_gdrnugnpsg/raw/input_pose_31.npy,False,data/experiments/grasping_gym/data/gqcnn_2d_gdrnugnpsg/raw/seg_depth_im_31.npy,
32,data/experiments/grasping_gym/data/gqcnn_2d_gdrnugnpsg/raw/input_color_im_32.png,1,data/experiments/grasping_gym/data/gqcnn_2d_gdrnugnpsg/raw/color_im_32.png,data/experiments/grasping_gym/data/gqcnn_2d_gdrnugnpsg/raw/gripper_pose_32.tf,,1,True,1,0.0066,False,data/experiments/grasping_gym/data/gqcnn_2d_gdrnugnpsg/raw/seg_camera_intrinsics_32.intr,data/experiments/grasping_gym/data/gqcnn_2d_gdrnugnpsg/raw/depth_im_32.npy,data/experiments/grasping_gym/data/gqcnn_2d_gdrnugnpsg/raw/seg_binary_im_32.png,1.5801360607,data/experiments/grasping_gym/data/gqcnn_2d_gdrnugnpsg/raw/input_depth_im_32.npy,part1,data/experiments/grasping_gym/data/gqcnn_2d_gdrnugnpsg/raw/seg_color_im_32.png,data/experiments/grasping_gym/data/gqcnn_2d_gdrnugnpsg/raw/input_pose_32.npy,False,data/experiments/grasping_gym/data/gqcnn_2d_gdrnugnpsg/raw/seg_depth_im_32.npy,
33,data/experiments/grasping_gym/data/gqcnn_2d_gdrnugnpsg/raw/input_color_im_33.png,2,data/experiments/grasping_gym/data/gqcnn_2d_gdrnugnpsg/raw/color_im_33.png,data/experiments/grasping_gym/data/gqcnn_2d_gdrnugnpsg/raw/gripper_pose_33.tf,,1,True,1,0.0056,False,data/experiments/grasping_gym/data/gqcnn_2d_gdrnugnpsg/raw/seg_camera_intrinsics_33.intr,data/experiments/grasping_gym/data/gqcnn_2d_gdrnugnpsg/raw/depth_im_33.npy,data/experiments/grasping_gym/data/gqcnn_2d_gdrnugnpsg/raw/seg_binary_im_33.png,1.6081039906,data/experiments/grasping_gym/data/gqcnn_2d_gdrnugnpsg/raw/input_depth_im_33.npy,part1,data/experiments/grasping_gym/data/gqcnn_2d_gdrnugnpsg/raw/seg_color_im_33.png,data/experiments/grasping_gym/data/gqcnn_2d_gdrnugnpsg/raw/input_pose_33.npy,False,data/experiments/grasping_gym/data/gqcnn_2d_gdrnugnpsg/raw/seg_depth_im_33.npy,
34,data/experiments/grasping_gym/data/gqcnn_2d_gdrnugnpsg/raw/input_color_im_34.png,3,data/experiments/grasping_gym/data/gqcnn_2d_gdrnugnpsg/raw/color_im_34.png,data/experiments/grasping_gym/data/gqcnn_2d_gdrnugnpsg/raw/gripper_pose_34.tf,,1,True,1,0.006,False,data/experiments/grasping_gym/data/gqcnn_2d_gdrnugnpsg/raw/seg_camera_intrinsics_34.intr,data/experiments/grasping_gym/data/gqcnn_2d_gdrnugnpsg/raw/depth_im_34.npy,data/experiments/grasping_gym/data/gqcnn_2d_gdrnugnpsg/raw/seg_binary_im_34.png,1.6963479519,data/experiments/grasping_gym/data/gqcnn_2d_gdrnugnpsg/raw/input_depth_im_34.npy,part1,data/experiments/grasping_gym/data/gqcnn_2d_gdrnugnpsg/raw/seg_color_im_34.png,data/experiments/grasping_gym/data/gqcnn_2d_gdrnugnpsg/raw/input_pose_34.npy,False,data/experiments/grasping_gym/data/gqcnn_2d_gdrnugnpsg/raw/seg_depth_im_34.npy,
35,data/experiments/grasping_gym/data/gqcnn_2d_gdrnugnpsg/raw/input_color_im_35.png,4,data/experiments/grasping_gym/data/gqcnn_2d_gdrnugnpsg/raw/color_im_35.png,data/experiments/grasping_gym/data/gqcnn_2d_gdrnugnpsg/raw/gripper_pose_35.tf,,1,True,1,0.0059,False,data/experiments/grasping_gym/data/gqcnn_2d_gdrnugnpsg/raw/seg_camera_intrinsics_35.intr,data/experiments/grasping_gym/data/gqcnn_2d_gdrnugnpsg/raw/depth_im_35.npy,data/experiments/grasping_gym/data/gqcnn_2d_gdrnugnpsg/raw/seg_binary_im_35.png,1.579720974,data/experiments/grasping_gym/data/gqcnn_2d_gdrnugnpsg/raw/input_depth_im_35.npy,part1,data/experiments/grasping_gym/data/gqcnn_2d_gdrnugnpsg/raw/seg_color_im_35.png,data/experiments/grasping_gym/data/gqcnn_2d_gdrnugnpsg/raw/input_pose_35.npy,False,data/experiments/grasping_gym/data/gqcnn_2d_gdrnugnpsg/raw/seg_depth_im_35.npy,
36,data/experiments/grasping_gym/data/gqcnn_2d_gdrnugnpsg/raw/input_color_im_36.png,5,data/experiments/grasping_gym/data/gqcnn_2d_gdrnugnpsg/raw/color_im_36.png,data/experiments/grasping_gym/data/gqcnn_2d_gdrnugnpsg/raw/gripper_pose_36.tf,,1,True,1,0.006,False,data/experiments/grasping_gym/data/gqcnn_2d_gdrnugnpsg/raw/seg_camera_intrinsics_36.intr,data/experiments/grasping_gym/data/gqcnn_2d_gdrnugnpsg/raw/depth_im_36.npy,data/experiments/grasping_gym/data/gqcnn_2d_gdrnugnpsg/raw/seg_binary_im_36.png,1.6845800877,data/experiments/grasping_gym/data/gqcnn_2d_gdrnugnpsg/raw/input_depth_im_36.npy,part1,data/experiments/grasping_gym/data/gqcnn_2d_gdrnugnpsg/raw/seg_color_im_36.png,data/experiments/grasping_gym/data/gqcnn_2d_gdrnugnpsg/raw/input_pose_36.npy,False,data/experiments/grasping_gym/data/gqcnn_2d_gdrnugnpsg/raw/seg_depth_im_36.npy,
37,data/experiments/grasping_gym/data/gqcnn_2d_gdrnugnpsg/raw/input_color_im_37.png,6,data/experiments/grasping_gym/data/gqcnn_2d_gdrnugnpsg/raw/color_im_37.png,data/experiments/grasping_gym/data/gqcnn_2d_gdrnugnpsg/raw/gripper_pose_37.tf,,1,True,1,0.0062,False,data/experiments/grasping_gym/data/gqcnn_2d_gdrnugnpsg/raw/seg_camera_intrinsics_37.intr,data/experiments/grasping_gym/data/gqcnn_2d_gdrnugnpsg/raw/depth_im_37.npy,data/experiments/grasping_gym/data/gqcnn_2d_gdrnugnpsg/raw/seg_binary_im_37.png,1.607683897,data/experiments/grasping_gym/data/gqcnn_2d_gdrnugnpsg/raw/input_depth_im_37.npy,part1,data/experiments/grasping_gym/data/gqcnn_2d_gdrnugnpsg/raw/seg_color_im_37.png,data/experiments/grasping_gym/data/gqcnn_2d_gdrnugnpsg/raw/input_pose_37.npy,False,data/experiments/grasping_gym/data/gqcnn_2d_gdrnugnpsg/raw/seg_depth_im_37.npy,
38,data/experiments/grasping_gym/data/gqcnn_2d_gdrnugnpsg/raw/input_color_im_38.png,7,data/experiments/grasping_gym/data/gqcnn_2d_gdrnugnpsg/raw/color_im_38.png,data/experiments/grasping_gym/data/gqcnn_2d_gdrnugnpsg/raw/gripper_pose_38.tf,,1,True,1,0.0098,False,data/experiments/grasping_gym/data/gqcnn_2d_gdrnugnpsg/raw/seg_camera_intrinsics_38.intr,data/experiments/grasping_gym/data/gqcnn_2d_gdrnugnpsg/raw/depth_im_38.npy,data/experiments/grasping_gym/data/gqcnn_2d_gdrnugnpsg/raw/seg_binary_im_38.png,1.4434440136,data/experiments/grasping_gym/data/gqcnn_2d_gdrnugnpsg/raw/input_depth_im_38.npy,part1,data/experiments/grasping_gym/data/gqcnn_2d_gdrnugnpsg/raw/seg_color_im_38.png,data/experiments/grasping_gym/data/gqcnn_2d_gdrnugnpsg/raw/input_pose_38.npy,False,data/experiments/grasping_gym/data/gqcnn_2d_gdrnugnpsg/raw/seg_depth_im_38.npy,
39,data/experiments/grasping_gym/data/gqcnn_2d_gdrnugnpsg/raw/input_color_im_39.png,8,data/experiments/grasping_gym/data/gqcnn_2d_gdrnugnpsg/raw/color_im_39.png,data/experiments/grasping_gym/data/gqcnn_2d_gdrnugnpsg/raw/gripper_pose_39.tf,,1,True,1,0.0059,False,data/experiments/grasping_gym/data/gqcnn_2d_gdrnugnpsg/raw/seg_camera_intrinsics_39.intr,data/experiments/grasping_gym/data/gqcnn_2d_gdrnugnpsg/raw/depth_im_39.npy,data/experiments/grasping_gym/data/gqcnn_2d_gdrnugnpsg/raw/seg_binary_im_39.png,1.5556361675,data/experiments/grasping_gym/data/gqcnn_2d_gdrnugnpsg/raw/input_depth_im_39.npy,part1,data/experiments/grasping_gym/data/gqcnn_2d_gdrnugnpsg/raw/seg_color_im_39.png,data/experiments/grasping_gym/data/gqcnn_2d_gdrnugnpsg/raw/input_pose_39.npy,False,data/experiments/grasping_gym/data/gqcnn_2d_gdrnugnpsg/raw/seg_depth_im_39.npy,
40,data/experiments/grasping_gym/data/gqcnn_2d_gdrnugnpsg/raw/input_color_im_40.png,9,data/experiments/grasping_gym/data/gqcnn_2d_gdrnugnpsg/raw/color_im_40.png,data/experiments/grasping_gym/data/gqcnn_2d_gdrnugnpsg/raw/gripper_pose_40.tf,,1,True,1,0.0104,False,data/experiments/grasping_gym/data/gqcnn_2d_gdrnugnpsg/raw/seg_camera_intrinsics_40.intr,data/experiments/grasping_gym/data/gqcnn_2d_gdrnugnpsg/raw/depth_im_40.npy,data/experiments/grasping_gym/data/gqcnn_2d_gdrnugnpsg/raw/seg_binary_im_40.png,2.1546268463,data/experiments/grasping_gym/data/gqcnn_2d_gdrnugnpsg/raw/input_depth_im_40.npy,part1,data/experiments/grasping_gym/data/gqcnn_2d_gdrnugnpsg/raw/seg_color_im_40.png,data/experiments/grasping_gym/data/gqcnn_2d_gdrnugnpsg/raw/input_pose_40.npy,False,data/experiments/grasping_gym/data/gqcnn_2d_gdrnugnpsg/raw/seg_depth_im_40.npy,
41,data/experiments/grasping_gym/data/gqcnn_2d_gdrnugnpsg/raw/input_color_im_41.png,0,data/experiments/grasping_gym/data/gqcnn_2d_gdrnugnpsg/raw/color_im_41.png,data/experiments/grasping_gym/data/gqcnn_2d_gdrnugnpsg/raw/gripper_pose_41.tf,,1,True,1,0.009,False,data/experiments/grasping_gym/data/gqcnn_2d_gdrnugnpsg/raw/seg_camera_intrinsics_41.intr,data/experiments/grasping_gym/data/gqcnn_2d_gdrnugnpsg/raw/depth_im_41.npy,data/experiments/grasping_gym/data/gqcnn_2d_gdrnugnpsg/raw/seg_binary_im_41.png,2.497535944,data/experiments/grasping_gym/data/gqcnn_2d_gdrnugnpsg/raw/input_depth_im_41.npy,part3,data/experiments/grasping_gym/data/gqcnn_2d_gdrnugnpsg/raw/seg_color_im_41.png,data/experiments/grasping_gym/data/gqcnn_2d_gdrnugnpsg/raw/input_pose_41.npy,False,data/experiments/grasping_gym/data/gqcnn_2d_gdrnugnpsg/raw/seg_depth_im_41.npy,
42,data/experiments/grasping_gym/data/gqcnn_2d_gdrnugnpsg/raw/input_color_im_42.png,1,data/experiments/grasping_gym/data/gqcnn_2d_gdrnugnpsg/raw/color_im_42.png,data/experiments/grasping_gym/data/gqcnn_2d_gdrnugnpsg/raw/gripper_pose_42.tf,,0,True,1,0.0,False,data/experiments/grasping_gym/data/gqcnn_2d_gdrnugnpsg/raw/seg_camera_intrinsics_42.intr,data/experiments/grasping_gym/data/gqcnn_2d_gdrnugnpsg/raw/depth_im_42.npy,data/experiments/grasping_gym/data/gqcnn_2d_gdrnugnpsg/raw/seg_binary_im_42.png,2.6111090183,data/experiments/grasping_gym/data/gqcnn_2d_gdrnugnpsg/raw/input_depth_im_42.npy,part3,data/experiments/grasping_gym/data/gqcnn_2d_gdrnugnpsg/raw/seg_color_im_42.png,data/experiments/grasping_gym/data/gqcnn_2d_gdrnugnpsg/raw/input_pose_42.npy,False,data/experiments/grasping_gym/data/gqcnn_2d_gdrnugnpsg/raw/seg_depth_im_42.npy,
43,,0,,,,0,False,0,0.0,False,,,,0.0,,,,,False,,
44,data/experiments/grasping_gym/data/gqcnn_2d_gdrnugnpsg/raw/input_color_im_44.png,2,data/experiments/grasping_gym/data/gqcnn_2d_gdrnugnpsg/raw/color_im_44.png,data/experiments/grasping_gym/data/gqcnn_2d_gdrnugnpsg/raw/gripper_pose_44.tf,,1,True,1,0.0093,False,data/experiments/grasping_gym/data/gqcnn_2d_gdrnugnpsg/raw/seg_camera_intrinsics_44.intr,data/experiments/grasping_gym/data/gqcnn_2d_gdrnugnpsg/raw/depth_im_44.npy,data/experiments/grasping_gym/data/gqcnn_2d_gdrnugnpsg/raw/seg_binary_im_44.png,2.7460641861,data/experiments/grasping_gym/data/gqcnn_2d_gdrnugnpsg/raw/input_depth_im_44.npy,part3,data/experiments/grasping_gym/data/gqcnn_2d_gdrnugnpsg/raw/seg_color_im_44.png,data/experiments/grasping_gym/data/gqcnn_2d_gdrnugnpsg/raw/input_pose_44.npy,False,data/experiments/grasping_gym/data/gqcnn_2d_gdrnugnpsg/raw/seg_depth_im_44.npy,
45,data/experiments/grasping_gym/data/gqcnn_2d_gdrnugnpsg/raw/input_color_im_45.png,3,data/experiments/grasping_gym/data/gqcnn_2d_gdrnugnpsg/raw/color_im_45.png,data/experiments/grasping_gym/data/gqcnn_2d_gdrnugnpsg/raw/gripper_pose_45.tf,,1,True,1,0.0092,False,data/experiments/grasping_gym/data/gqcnn_2d_gdrnugnpsg/raw/seg_camera_intrinsics_45.intr,data/experiments/grasping_gym/data/gqcnn_2d_gdrnugnpsg/raw/depth_im_45.npy,data/experiments/grasping_gym/data/gqcnn_2d_gdrnugnpsg/raw/seg_binary_im_45.png,2.0878450871,data/experiments/grasping_gym/data/gqcnn_2d_gdrnugnpsg/raw/input_depth_im_45.npy,part3,data/experiments/grasping_gym/data/gqcnn_2d_gdrnugnpsg/raw/seg_color_im_45.png,data/experiments/grasping_gym/data/gqcnn_2d_gdrnugnpsg/raw/input_pose_45.npy,False,data/experiments/grasping_gym/data/gqcnn_2d_gdrnugnpsg/raw/seg_depth_im_45.npy,
46,data/experiments/grasping_gym/data/gqcnn_2d_gdrnugnpsg/raw/input_color_im_46.png,4,data/experiments/grasping_gym/data/gqcnn_2d_gdrnugnpsg/raw/color_im_46.png,data/experiments/grasping_gym/data/gqcnn_2d_gdrnugnpsg/raw/gripper_pose_46.tf,,1,True,1,0.0116,False,data/experiments/grasping_gym/data/gqcnn_2d_gdrnugnpsg/raw/seg_camera_intrinsics_46.intr,data/experiments/grasping_gym/data/gqcnn_2d_gdrnugnpsg/raw/depth_im_46.npy,data/experiments/grasping_gym/data/gqcnn_2d_gdrnugnpsg/raw/seg_binary_im_46.png,2.2662169933,data/experiments/grasping_gym/data/gqcnn_2d_gdrnugnpsg/raw/input_depth_im_46.npy,part3,data/experiments/grasping_gym/data/gqcnn_2d_gdrnugnpsg/raw/seg_color_im_46.png,data/experiments/grasping_gym/data/gqcnn_2d_gdrnugnpsg/raw/input_pose_46.npy,False,data/experiments/grasping_gym/data/gqcnn_2d_gdrnugnpsg/raw/seg_depth_im_46.npy,
47,data/experiments/grasping_gym/data/gqcnn_2d_gdrnugnpsg/raw/input_color_im_47.png,5,data/experiments/grasping_gym/data/gqcnn_2d_gdrnugnpsg/raw/color_im_47.png,data/experiments/grasping_gym/data/gqcnn_2d_gdrnugnpsg/raw/gripper_pose_47.tf,,1,True,1,0.009,False,data/experiments/grasping_gym/data/gqcnn_2d_gdrnugnpsg/raw/seg_camera_intrinsics_47.intr,data/experiments/grasping_gym/data/gqcnn_2d_gdrnugnpsg/raw/depth_im_47.npy,data/experiments/grasping_gym/data/gqcnn_2d_gdrnugnpsg/raw/seg_binary_im_47.png,2.0686359406,data/experiments/grasping_gym/data/gqcnn_2d_gdrnugnpsg/raw/input_depth_im_47.npy,part3,data/experiments/grasping_gym/data/gqcnn_2d_gdrnugnpsg/raw/seg_color_im_47.png,data/experiments/grasping_gym/data/gqcnn_2d_gdrnugnpsg/raw/input_pose_47.npy,False,data/experiments/grasping_gym/data/gqcnn_2d_gdrnugnpsg/raw/seg_depth_im_47.npy,
48,data/experiments/grasping_gym/data/gqcnn_2d_gdrnugnpsg/raw/input_color_im_48.png,6,data/experiments/grasping_gym/data/gqcnn_2d_gdrnugnpsg/raw/color_im_48.png,data/experiments/grasping_gym/data/gqcnn_2d_gdrnugnpsg/raw/gripper_pose_48.tf,,0,True,1,0.0,False,data/experiments/grasping_gym/data/gqcnn_2d_gdrnugnpsg/raw/seg_camera_intrinsics_48.intr,data/experiments/grasping_gym/data/gqcnn_2d_gdrnugnpsg/raw/depth_im_48.npy,data/experiments/grasping_gym/data/gqcnn_2d_gdrnugnpsg/raw/seg_binary_im_48.png,2.6758089066,data/experiments/grasping_gym/data/gqcnn_2d_gdrnugnpsg/raw/input_depth_im_48.npy,part3,data/experiments/grasping_gym/data/gqcnn_2d_gdrnugnpsg/raw/seg_color_im_48.png,data/experiments/grasping_gym/data/gqcnn_2d_gdrnugnpsg/raw/input_pose_48.npy,False,data/experiments/grasping_gym/data/gqcnn_2d_gdrnugnpsg/raw/seg_depth_im_48.npy,
49,data/experiments/grasping_gym/data/gqcnn_2d_gdrnugnpsg/raw/input_color_im_49.png,7,data/experiments/grasping_gym/data/gqcnn_2d_gdrnugnpsg/raw/color_im_49.png,data/experiments/grasping_gym/data/gqcnn_2d_gdrnugnpsg/raw/gripper_pose_49.tf,,1,True,1,0.0087,False,data/experiments/grasping_gym/data/gqcnn_2d_gdrnugnpsg/raw/seg_camera_intrinsics_49.intr,data/experiments/grasping_gym/data/gqcnn_2d_gdrnugnpsg/raw/depth_im_49.npy,data/experiments/grasping_gym/data/gqcnn_2d_gdrnugnpsg/raw/seg_binary_im_49.png,2.2606170177,data/experiments/grasping_gym/data/gqcnn_2d_gdrnugnpsg/raw/input_depth_im_49.npy,part3,data/experiments/grasping_gym/data/gqcnn_2d_gdrnugnpsg/raw/seg_color_im_49.png,data/experiments/grasping_gym/data/gqcnn_2d_gdrnugnpsg/raw/input_pose_49.npy,False,data/experiments/grasping_gym/data/gqcnn_2d_gdrnugnpsg/raw/seg_depth_im_49.npy,
50,data/experiments/grasping_gym/data/gqcnn_2d_gdrnugnpsg/raw/input_color_im_50.png,8,data/experiments/grasping_gym/data/gqcnn_2d_gdrnugnpsg/raw/color_im_50.png,data/experiments/grasping_gym/data/gqcnn_2d_gdrnugnpsg/raw/gripper_pose_50.tf,,0,True,1,0.0,False,data/experiments/grasping_gym/data/gqcnn_2d_gdrnugnpsg/raw/seg_camera_intrinsics_50.intr,data/experiments/grasping_gym/data/gqcnn_2d_gdrnugnpsg/raw/depth_im_50.npy,data/experiments/grasping_gym/data/gqcnn_2d_gdrnugnpsg/raw/seg_binary_im_50.png,2.7189910412,data/experiments/grasping_gym/data/gqcnn_2d_gdrnugnpsg/raw/input_depth_im_50.npy,part3,data/experiments/grasping_gym/data/gqcnn_2d_gdrnugnpsg/raw/seg_color_im_50.png,data/experiments/grasping_gym/data/gqcnn_2d_gdrnugnpsg/raw/input_pose_50.npy,False,data/experiments/grasping_gym/data/gqcnn_2d_gdrnugnpsg/raw/seg_depth_im_50.npy,
0,data/experiments/grasping_gym/data/gqcnn_2d_rsbvymsqqy/raw/input_color_im_0.png,0,data/experiments/grasping_gym/data/gqcnn_2d_rsbvymsqqy/raw/color_im_0.png,data/experiments/grasping_gym/data/gqcnn_2d_rsbvymsqqy/raw/gripper_pose_0.tf,,1,True,1,0.0091,False,data/experiments/grasping_gym/data/gqcnn_2d_rsbvymsqqy/raw/seg_camera_intrinsics_0.intr,data/experiments/grasping_gym/data/gqcnn_2d_rsbvymsqqy/raw/depth_im_0.npy,data/experiments/grasping_gym/data/gqcnn_2d_rsbvymsqqy/raw/seg_binary_im_0.png,2.7049820423,data/experiments/grasping_gym/data/gqcnn_2d_rsbvymsqqy/raw/input_depth_im_0.npy,bar_clamp,data/experiments/grasping_gym/data/gqcnn_2d_rsbvymsqqy/raw/seg_color_im_0.png,data/experiments/grasping_gym/data/gqcnn_2d_rsbvymsqqy/raw/input_pose_0.npy,False,data/experiments/grasping_gym/data/gqcnn_2d_rsbvymsqqy/raw/seg_depth_im_0.npy,
1,data/experiments/grasping_gym/data/gqcnn_2d_rsbvymsqqy/raw/input_color_im_1.png,1,data/experiments/grasping_gym/data/gqcnn_2d_rsbvymsqqy/raw/color_im_1.png,data/experiments/grasping_gym/data/gqcnn_2d_rsbvymsqqy/raw/gripper_pose_1.tf,,1,True,1,0.0176,False,data/experiments/grasping_gym/data/gqcnn_2d_rsbvymsqqy/raw/seg_camera_intrinsics_1.intr,data/experiments/grasping_gym/data/gqcnn_2d_rsbvymsqqy/raw/depth_im_1.npy,data/experiments/grasping_gym/data/gqcnn_2d_rsbvymsqqy/raw/seg_binary_im_1.png,2.2704370022,data/experiments/grasping_gym/data/gqcnn_2d_rsbvymsqqy/raw/input_depth_im_1.npy,bar_clamp,data/experiments/grasping_gym/data/gqcnn_2d_rsbvymsqqy/raw/seg_color_im_1.png,data/experiments/grasping_gym/data/gqcnn_2d_rsbvymsqqy/raw/input_pose_1.npy,False,data/experiments/grasping_gym/data/gqcnn_2d_rsbvymsqqy/raw/seg_depth_im_1.npy,
2,data/experiments/grasping_gym/data/gqcnn_2d_rsbvymsqqy/raw/input_color_im_2.png,2,data/experiments/grasping_gym/data/gqcnn_2d_rsbvymsqqy/raw/color_im_2.png,data/experiments/grasping_gym/data/gqcnn_2d_rsbvymsqqy/raw/gripper_pose_2.tf,,1,True,1,0.0116,False,data/experiments/grasping_gym/data/gqcnn_2d_rsbvymsqqy/raw/seg_camera_intrinsics_2.intr,data/experiments/grasping_gym/data/gqcnn_2d_rsbvymsqqy/raw/depth_im_2.npy,data/experiments/grasping_gym/data/gqcnn_2d_rsbvymsqqy/raw/seg_binary_im_2.png,2.6194350719,data/experiments/grasping_gym/data/gqcnn_2d_rsbvymsqqy/raw/input_depth_im_2.npy,bar_clamp,data/experiments/grasping_gym/data/gqcnn_2d_rsbvymsqqy/raw/seg_color_im_2.png,data/experiments/grasping_gym/data/gqcnn_2d_rsbvymsqqy/raw/input_pose_2.npy,False,data/experiments/grasping_gym/data/gqcnn_2d_rsbvymsqqy/raw/seg_depth_im_2.npy,
3,data/experiments/grasping_gym/data/gqcnn_2d_rsbvymsqqy/raw/input_color_im_3.png,3,data/experiments/grasping_gym/data/gqcnn_2d_rsbvymsqqy/raw/color_im_3.png,data/experiments/grasping_gym/data/gqcnn_2d_rsbvymsqqy/raw/gripper_pose_3.tf,,1,True,1,0.0089,False,data/experiments/grasping_gym/data/gqcnn_2d_rsbvymsqqy/raw/seg_camera_intrinsics_3.intr,data/experiments/grasping_gym/data/gqcnn_2d_rsbvymsqqy/raw/depth_im_3.npy,data/experiments/grasping_gym/data/gqcnn_2d_rsbvymsqqy/raw/seg_binary_im_3.png,2.103427887,data/experiments/grasping_gym/data/gqcnn_2d_rsbvymsqqy/raw/input_depth_im_3.npy,bar_clamp,data/experiments/grasping_gym/data/gqcnn_2d_rsbvymsqqy/raw/seg_color_im_3.png,data/experiments/grasping_gym/data/gqcnn_2d_rsbvymsqqy/raw/input_pose_3.npy,False,data/experiments/grasping_gym/data/gqcnn_2d_rsbvymsqqy/raw/seg_depth_im_3.npy,
4,data/experiments/grasping_gym/data/gqcnn_2d_rsbvymsqqy/raw/input_color_im_4.png,4,data/experiments/grasping_gym/data/gqcnn_2d_rsbvymsqqy/raw/color_im_4.png,data/experiments/grasping_gym/data/gqcnn_2d_rsbvymsqqy/raw/gripper_pose_4.tf,,1,True,1,0.0153,False,data/experiments/grasping_gym/data/gqcnn_2d_rsbvymsqqy/raw/seg_camera_intrinsics_4.intr,data/experiments/grasping_gym/data/gqcnn_2d_rsbvymsqqy/raw/depth_im_4.npy,data/experiments/grasping_gym/data/gqcnn_2d_rsbvymsqqy/raw/seg_binary_im_4.png,2.1087300777,data/experiments/grasping_gym/data/gqcnn_2d_rsbvymsqqy/raw/input_depth_im_4.npy,bar_clamp,data/experiments/grasping_gym/data/gqcnn_2d_rsbvymsqqy/raw/seg_color_im_4.png,data/experiments/grasping_gym/data/gqcnn_2d_rsbvymsqqy/raw/input_pose_4.npy,False,data/experiments/grasping_gym/data/gqcnn_2d_rsbvymsqqy/raw/seg_depth_im_4.npy,
5,data/experiments/grasping_gym/data/gqcnn_2d_rsbvymsqqy/raw/input_color_im_5.png,5,data/experiments/grasping_gym/data/gqcnn_2d_rsbvymsqqy/raw/color_im_5.png,data/experiments/grasping_gym/data/gqcnn_2d_rsbvymsqqy/raw/gripper_pose_5.tf,,1,True,1,0.0114,False,data/experiments/grasping_gym/data/gqcnn_2d_rsbvymsqqy/raw/seg_camera_intrinsics_5.intr,data/experiments/grasping_gym/data/gqcnn_2d_rsbvymsqqy/raw/depth_im_5.npy,data/experiments/grasping_gym/data/gqcnn_2d_rsbvymsqqy/raw/seg_binary_im_5.png,1.8492431641,data/experiments/grasping_gym/data/gqcnn_2d_rsbvymsqqy/raw/input_depth_im_5.npy,bar_clamp,data/experiments/grasping_gym/data/gqcnn_2d_rsbvymsqqy/raw/seg_color_im_5.png,data/experiments/grasping_gym/data/gqcnn_2d_rsbvymsqqy/raw/input_pose_5.npy,False,data/experiments/grasping_gym/data/gqcnn_2d_rsbvymsqqy/raw/seg_depth_im_5.npy,
6,data/experiments/grasping_gym/data/gqcnn_2d_rsbvymsqqy/raw/input_color_im_6.png,6,data/experiments/grasping_gym/data/gqcnn_2d_rsbvymsqqy/raw/color_im_6.png,data/experiments/grasping_gym/data/gqcnn_2d_rsbvymsqqy/raw/gripper_pose_6.tf,,0,True,1,0.0001,False,data/experiments/grasping_gym/data/gqcnn_2d_rsbvymsqqy/raw/seg_camera_intrinsics_6.intr,data/experiments/grasping_gym/data/gqcnn_2d_rsbvymsqqy/raw/depth_im_6.npy,data/experiments/grasping_gym/data/gqcnn_2d_rsbvymsqqy/raw/seg_binary_im_6.png,2.1936888695,data/experiments/grasping_gym/data/gqcnn_2d_rsbvymsqqy/raw/input_depth_im_6.npy,bar_clamp,data/experiments/grasping_gym/data/gqcnn_2d_rsbvymsqqy/raw/seg_color_im_6.png,data/experiments/grasping_gym/data/gqcnn_2d_rsbvymsqqy/raw/input_pose_6.npy,False,data/experiments/grasping_gym/data/gqcnn_2d_rsbvymsqqy/raw/seg_depth_im_6.npy,
7,data/experiments/grasping_gym/data/gqcnn_2d_rsbvymsqqy/raw/input_color_im_7.png,7,data/experiments/grasping_gym/data/gqcnn_2d_rsbvymsqqy/raw/color_im_7.png,data/experiments/grasping_gym/data/gqcnn_2d_rsbvymsqqy/raw/gripper_pose_7.tf,,0,True,1,0.0008,False,data/experiments/grasping_gym/data/gqcnn_2d_rsbvymsqqy/raw/seg_camera_intrinsics_7.intr,data/experiments/grasping_gym/data/gqcnn_2d_rsbvymsqqy/raw/depth_im_7.npy,data/experiments/grasping_gym/data/gqcnn_2d_rsbvymsqqy/raw/seg_binary_im_7.png,1.9752061367,data/experiments/grasping_gym/data/gqcnn_2d_rsbvymsqqy/raw/input_depth_im_7.npy,bar_clamp,data/experiments/grasping_gym/data/gqcnn_2d_rsbvymsqqy/raw/seg_color_im_7.png,data/experiments/grasping_gym/data/gqcnn_2d_rsbvymsqqy/raw/input_pose_7.npy,False,data/experiments/grasping_gym/data/gqcnn_2d_rsbvymsqqy/raw/seg_depth_im_7.npy,
8,data/experiments/grasping_gym/data/gqcnn_2d_rsbvymsqqy/raw/input_color_im_8.png,8,data/experiments/grasping_gym/data/gqcnn_2d_rsbvymsqqy/raw/color_im_8.png,data/experiments/grasping_gym/data/gqcnn_2d_rsbvymsqqy/raw/gripper_pose_8.tf,,1,True,1,0.0206,False,data/experiments/grasping_gym/data/gqcnn_2d_rsbvymsqqy/raw/seg_camera_intrinsics_8.intr,data/experiments/grasping_gym/data/gqcnn_2d_rsbvymsqqy/raw/depth_im_8.npy,data/experiments/grasping_gym/data/gqcnn_2d_rsbvymsqqy/raw/seg_binary_im_8.png,3.4340758324,data/experiments/grasping_gym/data/gqcnn_2d_rsbvymsqqy/raw/input_depth_im_8.npy,bar_clamp,data/experiments/grasping_gym/data/gqcnn_2d_rsbvymsqqy/raw/seg_color_im_8.png,data/experiments/grasping_gym/data/gqcnn_2d_rsbvymsqqy/raw/input_pose_8.npy,False,data/experiments/grasping_gym/data/gqcnn_2d_rsbvymsqqy/raw/seg_depth_im_8.npy,
9,data/experiments/grasping_gym/data/gqcnn_2d_rsbvymsqqy/raw/input_color_im_9.png,9,data/experiments/grasping_gym/data/gqcnn_2d_rsbvymsqqy/raw/color_im_9.png,data/experiments/grasping_gym/data/gqcnn_2d_rsbvymsqqy/raw/gripper_pose_9.tf,,0,True,1,0.0002,False,data/experiments/grasping_gym/data/gqcnn_2d_rsbvymsqqy/raw/seg_camera_intrinsics_9.intr,data/experiments/grasping_gym/data/gqcnn_2d_rsbvymsqqy/raw/depth_im_9.npy,data/experiments/grasping_gym/data/gqcnn_2d_rsbvymsqqy/raw/seg_binary_im_9.png,2.0185830593,data/experiments/grasping_gym/data/gqcnn_2d_rsbvymsqqy/raw/input_depth_im_9.npy,bar_clamp,data/experiments/grasping_gym/data/gqcnn_2d_rsbvymsqqy/raw/seg_color_im_9.png,data/experiments/grasping_gym/data/gqcnn_2d_rsbvymsqqy/raw/input_pose_9.npy,False,data/experiments/grasping_gym/data/gqcnn_2d_rsbvymsqqy/raw/seg_depth_im_9.npy,
10,data/experiments/grasping_gym/data/gqcnn_2d_rsbvymsqqy/raw/input_color_im_10.png,0,data/experiments/grasping_gym/data/gqcnn_2d_rsbvymsqqy/raw/color_im_10.png,data/experiments/grasping_gym/data/gqcnn_2d_rsbvymsqqy/raw/gripper_pose_10.tf,,1,True,1,0.016,False,data/experiments/grasping_gym/data/gqcnn_2d_rsbvymsqqy/raw/seg_camera_intrinsics_10.intr,data/experiments/grasping_gym/data/gqcnn_2d_rsbvymsqqy/raw/depth_im_10.npy,data/experiments/grasping_gym/data/gqcnn_2d_rsbvymsqqy/raw/seg_binary_im_10.png,1.8496439457,data/experiments/grasping_gym/data/gqcnn_2d_rsbvymsqqy/raw/input_depth_im_10.npy,gearbox,data/experiments/grasping_gym/data/gqcnn_2d_rsbvymsqqy/raw/seg_color_im_10.png,data/experiments/grasping_gym/data/gqcnn_2d_rsbvymsqqy/raw/input_pose_10.npy,False,data/experiments/grasping_gym/data/gqcnn_2d_rsbvymsqqy/raw/seg_depth_im_10.npy,
11,data/experiments/grasping_gym/data/gqcnn_2d_rsbvymsqqy/raw/input_color_im_11.png,1,data/experiments/grasping_gym/data/gqcnn_2d_rsbvymsqqy/raw/color_im_11.png,data/experiments/grasping_gym/data/gqcnn_2d_rsbvymsqqy/raw/gripper_pose_11.tf,,0,True,1,0.0002,False,data/experiments/grasping_gym/data/gqcnn_2d_rsbvymsqqy/raw/seg_camera_intrinsics_11.intr,data/experiments/grasping_gym/data/gqcnn_2d_rsbvymsqqy/raw/depth_im_11.npy,data/experiments/grasping_gym/data/gqcnn_2d_rsbvymsqqy/raw/seg_binary_im_11.png,2.0089669228,data/experiments/grasping_gym/data/gqcnn_2d_rsbvymsqqy/raw/input_depth_im_11.npy,gearbox,data/experiments/grasping_gym/data/gqcnn_2d_rsbvymsqqy/raw/seg_color_im_11.png,data/experiments/grasping_gym/data/gqcnn_2d_rsbvymsqqy/raw/input_pose_11.npy,False,data/experiments/grasping_gym/data/gqcnn_2d_rsbvymsqqy/raw/seg_depth_im_11.npy,
12,data/experiments/grasping_gym/data/gqcnn_2d_rsbvymsqqy/raw/input_color_im_12.png,2,data/experiments/grasping_gym/data/gqcnn_2d_rsbvymsqqy/raw/color_im_12.png,data/experiments/grasping_gym/data/gqcnn_2d_rsbvymsqqy/raw/gripper_pose_12.tf,,1,True,1,0.0139,False,data/experiments/grasping_gym/data/gqcnn_2d_rsbvymsqqy/raw/seg_camera_intrinsics_12.intr,data/experiments/grasping_gym/data/gqcnn_2d_rsbvymsqqy/raw/depth_im_12.npy,data/experiments/grasping_gym/data/gqcnn_2d_rsbvymsqqy/raw/seg_binary_im_12.png,1.9727799892,data/experiments/grasping_gym/data/gqcnn_2d_rsbvymsqqy/raw/input_depth_im_12.npy,gearbox,data/experiments/grasping_gym/data/gqcnn_2d_rsbvymsqqy/raw/seg_color_im_12.png,data/experiments/grasping_gym/data/gqcnn_2d_rsbvymsqqy/raw/input_pose_12.npy,False,data/experiments/grasping_gym/data/gqcnn_2d_rsbvymsqqy/raw/seg_depth_im_12.npy,
13,data/experiments/grasping_gym/data/gqcnn_2d_rsbvymsqqy/raw/input_color_im_13.png,3,data/experiments/grasping_gym/data/gqcnn_2d_rsbvymsqqy/raw/color_im_13.png,,,0,False,0,0.0,False,data/experiments/grasping_gym/data/gqcnn_2d_rsbvymsqqy/raw/seg_camera_intrinsics_13.intr,data/experiments/grasping_gym/data/gqcnn_2d_rsbvymsqqy/raw/depth_im_13.npy,data/experiments/grasping_gym/data/gqcnn_2d_rsbvymsqqy/raw/seg_binary_im_13.png,0.0,data/experiments/grasping_gym/data/gqcnn_2d_rsbvymsqqy/raw/input_depth_im_13.npy,gearbox,data/experiments/grasping_gym/data/gqcnn_2d_rsbvymsqqy/raw/seg_color_im_13.png,data/experiments/grasping_gym/data/gqcnn_2d_rsbvymsqqy/raw/input_pose_13.npy,False,data/experiments/grasping_gym/data/gqcnn_2d_rsbvymsqqy/raw/seg_depth_im_13.npy,
14,data/experiments/grasping_gym/data/gqcnn_2d_rsbvymsqqy/raw/input_color_im_14.png,3,data/experiments/grasping_gym/data/gqcnn_2d_rsbvymsqqy/raw/color_im_14.png,data/experiments/grasping_gym/data/gqcnn_2d_rsbvymsqqy/raw/gripper_pose_14.tf,,0,True,1,0.0002,False,data/experiments/grasping_gym/data/gqcnn_2d_rsbvymsqqy/raw/seg_camera_intrinsics_14.intr,data/experiments/grasping_gym/data/gqcnn_2d_rsbvymsqqy/raw/depth_im_14.npy,data/experiments/grasping_gym/data/gqcnn_2d_rsbvymsqqy/raw/seg_binary_im_14.png,1.9547021389,data/experiments/grasping_gym/data/gqcnn_2d_rsbvymsqqy/raw/input_depth_im_14.npy,gearbox,data/experiments/grasping_gym/data/gqcnn_2d_rsbvymsqqy/raw/seg_color_im_14.png,data/experiments/grasping_gym/data/gqcnn_2d_rsbvymsqqy/raw/input_pose_14.npy,False,data/experiments/grasping_gym/data/gqcnn_2d_rsbvymsqqy/raw/seg_depth_im_14.npy,
15,data/experiments/grasping_gym/data/gqcnn_2d_rsbvymsqqy/raw/input_color_im_15.png,4,data/experiments/grasping_gym/data/gqcnn_2d_rsbvymsqqy/raw/color_im_15.png,data/experiments/grasping_gym/data/gqcnn_2d_rsbvymsqqy/raw/gripper_pose_15.tf,,1,True,1,0.0,True,data/experiments/grasping_gym/data/gqcnn_2d_rsbvymsqqy/raw/seg_camera_intrinsics_15.intr,data/experiments/grasping_gym/data/gqcnn_2d_rsbvymsqqy/raw/depth_im_15.npy,data/experiments/grasping_gym/data/gqcnn_2d_rsbvymsqqy/raw/seg_binary_im_15.png,2.2690739632,data/experiments/grasping_gym/data/gqcnn_2d_rsbvymsqqy/raw/input_depth_im_15.npy,gearbox,data/experiments/grasping_gym/data/gqcnn_2d_rsbvymsqqy/raw/seg_color_im_15.png,data/experiments/grasping_gym/data/gqcnn_2d_rsbvymsqqy/raw/input_pose_15.npy,False,data/experiments/grasping_gym/data/gqcnn_2d_rsbvymsqqy/raw/seg_depth_im_15.npy,
16,data/experiments/grasping_gym/data/gqcnn_2d_rsbvymsqqy/raw/input_color_im_16.png,5,data/experiments/grasping_gym/data/gqcnn_2d_rsbvymsqqy/raw/color_im_16.png,data/experiments/grasping_gym/data/gqcnn_2d_rsbvymsqqy/raw/gripper_pose_16.tf,,1,True,1,0.0102,False,data/experiments/grasping_gym/data/gqcnn_2d_rsbvymsqqy/raw/seg_camera_intrinsics_16.intr,data/experiments/grasping_gym/data/gqcnn_2d_rsbvymsqqy/raw/depth_im_16.npy,data/experiments/grasping_gym/data/gqcnn_2d_rsbvymsqqy/raw/seg_binary_im_16.png,1.9288578033,data/experiments/grasping_gym/data/gqcnn_2d_rsbvymsqqy/raw/input_depth_im_16.npy,gearbox,data/experiments/grasping_gym/data/gqcnn_2d_rsbvymsqqy/raw/seg_color_im_16.png,data/experiments/grasping_gym/data/gqcnn_2d_rsbvymsqqy/raw/input_pose_16.npy,False,data/experiments/grasping_gym/data/gqcnn_2d_rsbvymsqqy/raw/seg_depth_im_16.npy,
17,data/experiments/grasping_gym/data/gqcnn_2d_rsbvymsqqy/raw/input_color_im_17.png,6,data/experiments/grasping_gym/data/gqcnn_2d_rsbvymsqqy/raw/color_im_17.png,data/experiments/grasping_gym/data/gqcnn_2d_rsbvymsqqy/raw/gripper_pose_17.tf,,0,True,1,0.0002,False,data/experiments/grasping_gym/data/gqcnn_2d_rsbvymsqqy/raw/seg_camera_intrinsics_17.intr,data/experiments/grasping_gym/data/gqcnn_2d_rsbvymsqqy/raw/depth_im_17.npy,data/experiments/grasping_gym/data/gqcnn_2d_rsbvymsqqy/raw/seg_binary_im_17.png,2.0107150078,data/experiments/grasping_gym/data/gqcnn_2d_rsbvymsqqy/raw/input_depth_im_17.npy,gearbox,data/experiments/grasping_gym/data/gqcnn_2d_rsbvymsqqy/raw/seg_color_im_17.png,data/experiments/grasping_gym/data/gqcnn_2d_rsbvymsqqy/raw/input_pose_17.npy,False,data/experiments/grasping_gym/data/gqcnn_2d_rsbvymsqqy/raw/seg_depth_im_17.npy,
18,data/experiments/grasping_gym/data/gqcnn_2d_rsbvymsqqy/raw/input_color_im_18.png,7,data/experiments/grasping_gym/data/gqcnn_2d_rsbvymsqqy/raw/color_im_18.png,data/experiments/grasping_gym/data/gqcnn_2d_rsbvymsqqy/raw/gripper_pose_18.tf,,0,True,1,0.0,True,data/experiments/grasping_gym/data/gqcnn_2d_rsbvymsqqy/raw/seg_camera_intrinsics_18.intr,data/experiments/grasping_gym/data/gqcnn_2d_rsbvymsqqy/raw/depth_im_18.npy,data/experiments/grasping_gym/data/gqcnn_2d_rsbvymsqqy/raw/seg_binary_im_18.png,2.0560801029,data/experiments/grasping_gym/data/gqcnn_2d_rsbvymsqqy/raw/input_depth_im_18.npy,gearbox,data/experiments/grasping_gym/data/gqcnn_2d_rsbvymsqqy/raw/seg_color_im_18.png,data/experiments/grasping_gym/data/gqcnn_2d_rsbvymsqqy/raw/input_pose_18.npy,False,data/experiments/grasping_gym/data/gqcnn_2d_rsbvymsqqy/raw/seg_depth_im_18.npy,
19,data/experiments/grasping_gym/data/gqcnn_2d_rsbvymsqqy/raw/input_color_im_19.png,8,data/experiments/grasping_gym/data/gqcnn_2d_rsbvymsqqy/raw/color_im_19.png,data/experiments/grasping_gym/data/gqcnn_2d_rsbvymsqqy/raw/gripper_pose_19.tf,,1,True,1,0.0,False,data/experiments/grasping_gym/data/gqcnn_2d_rsbvymsqqy/raw/seg_camera_intrinsics_19.intr,data/experiments/grasping_gym/data/gqcnn_2d_rsbvymsqqy/raw/depth_im_19.npy,data/experiments/grasping_gym/data/gqcnn_2d_rsbvymsqqy/raw/seg_binary_im_19.png,1.971257925,data/experiments/grasping_gym/data/gqcnn_2d_rsbvymsqqy/raw/input_depth_im_19.npy,gearbox,data/experiments/grasping_gym/data/gqcnn_2d_rsbvymsqqy/raw/seg_color_im_19.png,data/experiments/grasping_gym/data/gqcnn_2d_rsbvymsqqy/raw/input_pose_19.npy,False,data/experiments/grasping_gym/data/gqcnn_2d_rsbvymsqqy/raw/seg_depth_im_19.npy,
20,data/experiments/grasping_gym/data/gqcnn_2d_rsbvymsqqy/raw/input_color_im_20.png,9,data/experiments/grasping_gym/data/gqcnn_2d_rsbvymsqqy/raw/color_im_20.png,data/experiments/grasping_gym/data/gqcnn_2d_rsbvymsqqy/raw/gripper_pose_20.tf,,1,True,1,0.0,False,data/experiments/grasping_gym/data/gqcnn_2d_rsbvymsqqy/raw/seg_camera_intrinsics_20.intr,data/experiments/grasping_gym/data/gqcnn_2d_rsbvymsqqy/raw/depth_im_20.npy,data/experiments/grasping_gym/data/gqcnn_2d_rsbvymsqqy/raw/seg_binary_im_20.png,1.9388680458,data/experiments/grasping_gym/data/gqcnn_2d_rsbvymsqqy/raw/input_depth_im_20.npy,gearbox,data/experiments/grasping_gym/data/gqcnn_2d_rsbvymsqqy/raw/seg_color_im_20.png,data/experiments/grasping_gym/data/gqcnn_2d_rsbvymsqqy/raw/input_pose_20.npy,False,data/experiments/grasping_gym/data/gqcnn_2d_rsbvymsqqy/raw/seg_depth_im_20.npy,
21,data/experiments/grasping_gym/data/gqcnn_2d_rsbvymsqqy/raw/input_color_im_21.png,0,data/experiments/grasping_gym/data/gqcnn_2d_rsbvymsqqy/raw/color_im_21.png,data/experiments/grasping_gym/data/gqcnn_2d_rsbvymsqqy/raw/gripper_pose_21.tf,,1,True,1,0.0007,False,data/experiments/grasping_gym/data/gqcnn_2d_rsbvymsqqy/raw/seg_camera_intrinsics_21.intr,data/experiments/grasping_gym/data/gqcnn_2d_rsbvymsqqy/raw/depth_im_21.npy,data/experiments/grasping_gym/data/gqcnn_2d_rsbvymsqqy/raw/seg_binary_im_21.png,1.8811330795,data/experiments/grasping_gym/data/gqcnn_2d_rsbvymsqqy/raw/input_depth_im_21.npy,nozzle,data/experiments/grasping_gym/data/gqcnn_2d_rsbvymsqqy/raw/seg_color_im_21.png,data/experiments/grasping_gym/data/gqcnn_2d_rsbvymsqqy/raw/input_pose_21.npy,False,data/experiments/grasping_gym/data/gqcnn_2d_rsbvymsqqy/raw/seg_depth_im_21.npy,
22,data/experiments/grasping_gym/data/gqcnn_2d_rsbvymsqqy/raw/input_color_im_22.png,1,data/experiments/grasping_gym/data/gqcnn_2d_rsbvymsqqy/raw/color_im_22.png,data/experiments/grasping_gym/data/gqcnn_2d_rsbvymsqqy/raw/gripper_pose_22.tf,,1,True,1,0.0,True,data/experiments/grasping_gym/data/gqcnn_2d_rsbvymsqqy/raw/seg_camera_intrinsics_22.intr,data/experiments/grasping_gym/data/gqcnn_2d_rsbvymsqqy/raw/depth_im_22.npy,data/experiments/grasping_gym/data/gqcnn_2d_rsbvymsqqy/raw/seg_binary_im_22.png,1.9987838268,data/experiments/grasping_gym/data/gqcnn_2d_rsbvymsqqy/raw/input_depth_im_22.npy,nozzle,data/experiments/grasping_gym/data/gqcnn_2d_rsbvymsqqy/raw/seg_color_im_22.png,data/experiments/grasping_gym/data/gqcnn_2d_rsbvymsqqy/raw/input_pose_22.npy,False,data/experiments/grasping_gym/data/gqcnn_2d_rsbvymsqqy/raw/seg_depth_im_22.npy,
23,data/experiments/grasping_gym/data/gqcnn_2d_rsbvymsqqy/raw/input_color_im_23.png,2,data/experiments/grasping_gym/data/gqcnn_2d_rsbvymsqqy/raw/color_im_23.png,data/experiments/grasping_gym/data/gqcnn_2d_rsbvymsqqy/raw/gripper_pose_23.tf,,1,True,1,0.0122,False,data/experiments/grasping_gym/data/gqcnn_2d_rsbvymsqqy/raw/seg_camera_intrinsics_23.intr,data/experiments/grasping_gym/data/gqcnn_2d_rsbvymsqqy/raw/depth_im_23.npy,data/experiments/grasping_gym/data/gqcnn_2d_rsbvymsqqy/raw/seg_binary_im_23.png,2.1319229603,data/experiments/grasping_gym/data/gqcnn_2d_rsbvymsqqy/raw/input_depth_im_23.npy,nozzle,data/experiments/grasping_gym/data/gqcnn_2d_rsbvymsqqy/raw/seg_color_im_23.png,data/experiments/grasping_gym/data/gqcnn_2d_rsbvymsqqy/raw/input_pose_23.npy,False,data/experiments/grasping_gym/data/gqcnn_2d_rsbvymsqqy/raw/seg_depth_im_23.npy,
24,data/experiments/grasping_gym/data/gqcnn_2d_rsbvymsqqy/raw/input_color_im_24.png,3,data/experiments/grasping_gym/data/gqcnn_2d_rsbvymsqqy/raw/color_im_24.png,data/experiments/grasping_gym/data/gqcnn_2d_rsbvymsqqy/raw/gripper_pose_24.tf,,1,True,1,0.0,False,data/experiments/grasping_gym/data/gqcnn_2d_rsbvymsqqy/raw/seg_camera_intrinsics_24.intr,data/experiments/grasping_gym/data/gqcnn_2d_rsbvymsqqy/raw/depth_im_24.npy,data/experiments/grasping_gym/data/gqcnn_2d_rsbvymsqqy/raw/seg_binary_im_24.png,1.9742221832,data/experiments/grasping_gym/data/gqcnn_2d_rsbvymsqqy/raw/input_depth_im_24.npy,nozzle,data/experiments/grasping_gym/data/gqcnn_2d_rsbvymsqqy/raw/seg_color_im_24.png,data/experiments/grasping_gym/data/gqcnn_2d_rsbvymsqqy/raw/input_pose_24.npy,False,data/experiments/grasping_gym/data/gqcnn_2d_rsbvymsqqy/raw/seg_depth_im_24.npy,
25,data/experiments/grasping_gym/data/gqcnn_2d_rsbvymsqqy/raw/input_color_im_25.png,4,data/experiments/grasping_gym/data/gqcnn_2d_rsbvymsqqy/raw/color_im_25.png,data/experiments/grasping_gym/data/gqcnn_2d_rsbvymsqqy/raw/gripper_pose_25.tf,,0,True,1,0.0112,False,data/experiments/grasping_gym/data/gqcnn_2d_rsbvymsqqy/raw/seg_camera_intrinsics_25.intr,data/experiments/grasping_gym/data/gqcnn_2d_rsbvymsqqy/raw/depth_im_25.npy,data/experiments/grasping_gym/data/gqcnn_2d_rsbvymsqqy/raw/seg_binary_im_25.png,1.8120658398,data/experiments/grasping_gym/data/gqcnn_2d_rsbvymsqqy/raw/input_depth_im_25.npy,nozzle,data/experiments/grasping_gym/data/gqcnn_2d_rsbvymsqqy/raw/seg_color_im_25.png,data/experiments/grasping_gym/data/gqcnn_2d_rsbvymsqqy/raw/input_pose_25.npy,False,data/experiments/grasping_gym/data/gqcnn_2d_rsbvymsqqy/raw/seg_depth_im_25.npy,
26,data/experiments/grasping_gym/data/gqcnn_2d_rsbvymsqqy/raw/input_color_im_26.png,5,data/experiments/grasping_gym/data/gqcnn_2d_rsbvymsqqy/raw/color_im_26.png,data/experiments/grasping_gym/data/gqcnn_2d_rsbvymsqqy/raw/gripper_pose_26.tf,,0,True,1,0.0002,False,data/experiments/grasping_gym/data/gqcnn_2d_rsbvymsqqy/raw/seg_camera_intrinsics_26.intr,data/experiments/grasping_gym/data/gqcnn_2d_rsbvymsqqy/raw/depth_im_26.npy,data/experiments/grasping_gym/data/gqcnn_2d_rsbvymsqqy/raw/seg_binary_im_26.png,1.8600900173,data/experiments/grasping_gym/data/gqcnn_2d_rsbvymsqqy/raw/input_depth_im_26.npy,nozzle,data/experiments/grasping_gym/data/gqcnn_2d_rsbvymsqqy/raw/seg_color_im_26.png,data/experiments/grasping_gym/data/gqcnn_2d_rsbvymsqqy/raw/input_pose_26.npy,False,data/experiments/grasping_gym/data/gqcnn_2d_rsbvymsqqy/raw/seg_depth_im_26.npy,
27,data/experiments/grasping_gym/data/gqcnn_2d_rsbvymsqqy/raw/input_color_im_27.png,6,data/experiments/grasping_gym/data/gqcnn_2d_rsbvymsqqy/raw/color_im_27.png,data/experiments/grasping_gym/data/gqcnn_2d_rsbvymsqqy/raw/gripper_pose_27.tf,,1,True,1,0.0092,False,data/experiments/grasping_gym/data/gqcnn_2d_rsbvymsqqy/raw/seg_camera_intrinsics_27.intr,data/experiments/grasping_gym/data/gqcnn_2d_rsbvymsqqy/raw/depth_im_27.npy,data/experiments/grasping_gym/data/gqcnn_2d_rsbvymsqqy/raw/seg_binary_im_27.png,2.3725061417,data/experiments/grasping_gym/data/gqcnn_2d_rsbvymsqqy/raw/input_depth_im_27.npy,nozzle,data/experiments/grasping_gym/data/gqcnn_2d_rsbvymsqqy/raw/seg_color_im_27.png,data/experiments/grasping_gym/data/gqcnn_2d_rsbvymsqqy/raw/input_pose_27.npy,False,data/experiments/grasping_gym/data/gqcnn_2d_rsbvymsqqy/raw/seg_depth_im_27.npy,
28,data/experiments/grasping_gym/data/gqcnn_2d_rsbvymsqqy/raw/input_color_im_28.png,7,data/experiments/grasping_gym/data/gqcnn_2d_rsbvymsqqy/raw/color_im_28.png,data/experiments/grasping_gym/data/gqcnn_2d_rsbvymsqqy/raw/gripper_pose_28.tf,,0,True,1,0.0,True,data/experiments/grasping_gym/data/gqcnn_2d_rsbvymsqqy/raw/seg_camera_intrinsics_28.intr,data/experiments/grasping_gym/data/gqcnn_2d_rsbvymsqqy/raw/depth_im_28.npy,data/experiments/grasping_gym/data/gqcnn_2d_rsbvymsqqy/raw/seg_binary_im_28.png,2.3163409233,data/experiments/grasping_gym/data/gqcnn_2d_rsbvymsqqy/raw/input_depth_im_28.npy,nozzle,data/experiments/grasping_gym/data/gqcnn_2d_rsbvymsqqy/raw/seg_color_im_28.png,data/experiments/grasping_gym/data/gqcnn_2d_rsbvymsqqy/raw/input_pose_28.npy,False,data/experiments/grasping_gym/data/gqcnn_2d_rsbvymsqqy/raw/seg_depth_im_28.npy,
29,data/experiments/grasping_gym/data/gqcnn_2d_rsbvymsqqy/raw/input_color_im_29.png,8,data/experiments/grasping_gym/data/gqcnn_2d_rsbvymsqqy/raw/color_im_29.png,data/experiments/grasping_gym/data/gqcnn_2d_rsbvymsqqy/raw/gripper_pose_29.tf,,0,True,1,0.0,True,data/experiments/grasping_gym/data/gqcnn_2d_rsbvymsqqy/raw/seg_camera_intrinsics_29.intr,data/experiments/grasping_gym/data/gqcnn_2d_rsbvymsqqy/raw/depth_im_29.npy,data/experiments/grasping_gym/data/gqcnn_2d_rsbvymsqqy/raw/seg_binary_im_29.png,1.9123029709,data/experiments/grasping_gym/data/gqcnn_2d_rsbvymsqqy/raw/input_depth_im_29.npy,nozzle,data/experiments/grasping_gym/data/gqcnn_2d_rsbvymsqqy/raw/seg_color_im_29.png,data/experiments/grasping_gym/data/gqcnn_2d_rsbvymsqqy/raw/input_pose_29.npy,False,data/experiments/grasping_gym/data/gqcnn_2d_rsbvymsqqy/raw/seg_depth_im_29.npy,
30,data/experiments/grasping_gym/data/gqcnn_2d_rsbvymsqqy/raw/input_color_im_30.png,9,data/experiments/grasping_gym/data/gqcnn_2d_rsbvymsqqy/raw/color_im_30.png,data/experiments/grasping_gym/data/gqcnn_2d_rsbvymsqqy/raw/gripper_pose_30.tf,,0,True,1,0.0012,False,data/experiments/grasping_gym/data/gqcnn_2d_rsbvymsqqy/raw/seg_camera_intrinsics_30.intr,data/experiments/grasping_gym/data/gqcnn_2d_rsbvymsqqy/raw/depth_im_30.npy,data/experiments/grasping_gym/data/gqcnn_2d_rsbvymsqqy/raw/seg_binary_im_30.png,1.9881930351,data/experiments/grasping_gym/data/gqcnn_2d_rsbvymsqqy/raw/input_depth_im_30.npy,nozzle,data/experiments/grasping_gym/data/gqcnn_2d_rsbvymsqqy/raw/seg_color_im_30.png,data/experiments/grasping_gym/data/gqcnn_2d_rsbvymsqqy/raw/input_pose_30.npy,False,data/experiments/grasping_gym/data/gqcnn_2d_rsbvymsqqy/raw/seg_depth_im_30.npy,
31,data/experiments/grasping_gym/data/gqcnn_2d_rsbvymsqqy/raw/input_color_im_31.png,0,data/experiments/grasping_gym/data/gqcnn_2d_rsbvymsqqy/raw/color_im_31.png,data/experiments/grasping_gym/data/gqcnn_2d_rsbvymsqqy/raw/gripper_pose_31.tf,,0,True,1,0.0002,False,data/experiments/grasping_gym/data/gqcnn_2d_rsbvymsqqy/raw/seg_camera_intrinsics_31.intr,data/experiments/grasping_gym/data/gqcnn_2d_rsbvymsqqy/raw/depth_im_31.npy,data/experiments/grasping_gym/data/gqcnn_2d_rsbvymsqqy/raw/seg_binary_im_31.png,2.32193923,data/experiments/grasping_gym/data/gqcnn_2d_rsbvymsqqy/raw/input_depth_im_31.npy,part1,data/experiments/grasping_gym/data/gqcnn_2d_rsbvymsqqy/raw/seg_color_im_31.png,data/experiments/grasping_gym/data/gqcnn_2d_rsbvymsqqy/raw/input_pose_31.npy,False,data/experiments/grasping_gym/data/gqcnn_2d_rsbvymsqqy/raw/seg_depth_im_31.npy,
32,data/experiments/grasping_gym/data/gqcnn_2d_rsbvymsqqy/raw/input_color_im_32.png,1,data/experiments/grasping_gym/data/gqcnn_2d_rsbvymsqqy/raw/color_im_32.png,data/experiments/grasping_gym/data/gqcnn_2d_rsbvymsqqy/raw/gripper_pose_32.tf,,1,True,1,0.0105,False,data/experiments/grasping_gym/data/gqcnn_2d_rsbvymsqqy/raw/seg_camera_intrinsics_32.intr,data/experiments/grasping_gym/data/gqcnn_2d_rsbvymsqqy/raw/depth_im_32.npy,data/experiments/grasping_gym/data/gqcnn_2d_rsbvymsqqy/raw/seg_binary_im_32.png,2.7541699409,data/experiments/grasping_gym/data/gqcnn_2d_rsbvymsqqy/raw/input_depth_im_32.npy,part1,data/experiments/grasping_gym/data/gqcnn_2d_rsbvymsqqy/raw/seg_color_im_32.png,data/experiments/grasping_gym/data/gqcnn_2d_rsbvymsqqy/raw/input_pose_32.npy,False,data/experiments/grasping_gym/data/gqcnn_2d_rsbvymsqqy/raw/seg_depth_im_32.npy,
33,data/experiments/grasping_gym/data/gqcnn_2d_rsbvymsqqy/raw/input_color_im_33.png,2,data/experiments/grasping_gym/data/gqcnn_2d_rsbvymsqqy/raw/color_im_33.png,data/experiments/grasping_gym/data/gqcnn_2d_rsbvymsqqy/raw/gripper_pose_33.tf,,0,True,1,0.0,True,data/experiments/grasping_gym/data/gqcnn_2d_rsbvymsqqy/raw/seg_camera_intrinsics_33.intr,data/experiments/grasping_gym/data/gqcnn_2d_rsbvymsqqy/raw/depth_im_33.npy,data/experiments/grasping_gym/data/gqcnn_2d_rsbvymsqqy/raw/seg_binary_im_33.png,2.0369291306,data/experiments/grasping_gym/data/gqcnn_2d_rsbvymsqqy/raw/input_depth_im_33.npy,part1,data/experiments/grasping_gym/data/gqcnn_2d_rsbvymsqqy/raw/seg_color_im_33.png,data/experiments/grasping_gym/data/gqcnn_2d_rsbvymsqqy/raw/input_pose_33.npy,False,data/experiments/grasping_gym/data/gqcnn_2d_rsbvymsqqy/raw/seg_depth_im_33.npy,
34,data/experiments/grasping_gym/data/gqcnn_2d_rsbvymsqqy/raw/input_color_im_34.png,3,data/experiments/grasping_gym/data/gqcnn_2d_rsbvymsqqy/raw/color_im_34.png,data/experiments/grasping_gym/data/gqcnn_2d_rsbvymsqqy/raw/gripper_pose_34.tf,,0,True,1,0.0,False,data/experiments/grasping_gym/data/gqcnn_2d_rsbvymsqqy/raw/seg_camera_intrinsics_34.intr,data/experiments/grasping_gym/data/gqcnn_2d_rsbvymsqqy/raw/depth_im_34.npy,data/experiments/grasping_gym/data/gqcnn_2d_rsbvymsqqy/raw/seg_binary_im_34.png,2.3941879272,data/experiments/grasping_gym/data/gqcnn_2d_rsbvymsqqy/raw/input_depth_im_34.npy,part1,data/experiments/grasping_gym/data/gqcnn_2d_rsbvymsqqy/raw/seg_color_im_34.png,data/experiments/grasping_gym/data/gqcnn_2d_rsbvymsqqy/raw/input_pose_34.npy,False,data/experiments/grasping_gym/data/gqcnn_2d_rsbvymsqqy/raw/seg_depth_im_34.npy,
35,,0,,,,0,False,0,0.0,False,,,,0.0,,,,,False,,
